uid,area,titulo,promesa,cumplimiento,coherencia,boletin,titulo_del_proyecto,link,1° tramite,veto,insistencia,2°-3° tramite,comision_mixta,tribunal_constitucional,aprobación_presidencial,promulgado,rechazado/retirado,nombre_avance,avance,simple,suma,inmediata,total_urgencias,marginal,parcial_minima,parcial_alta,total,escala_de_coherencia,justificacion_avance,justificacion_nota,ja_porque,jn_porque
1,Agricultura,Fortalecimiento capacidades técnicas del SAG,"Y ya dimos inicio al diseño de un proyecto de fortalecimiento de capacidades técnicas de fiscalización del SAG, institución clave para mejorar la competitividad de nuestra agricultura",100%,4,9690-01,Asignaciones y modificaciones a la planta del Servicio Agrícola y Ganadero.,https://www.camara.cl/pley/pley_detalle.aspx?prmID=10104&prmBoletin=9690-01,,,,,,,,1,,Promulgado,1,,3,,3,,,,1,4,"El proyecto de ley de Asignaciones y modificaciones a la planta del Servicio Agrícola y Ganadero registrada en el Boletín N° 9690-01 cumple la promesa en su totalidad a través de la creación asignaciones de estímulo para el personal del SAG, nuevos cargos, bonos extraordinarios y un plan institucional anual y rendición de cuentas.",,El proyecto de ley asociado se encuentra despachado y es Ley de la República,El proyecto de ley es totalmente coherente con la promesa realizada
2,Agricultura,Prorrogación del DL 701,"Los bosques son también un pilar importante de nuestra economía y hay que apoyar la inversión en ellos, una inversión que sea social y medioambientalmente sustentable. Y con ese fin, entre otras cosas, prorrogaremos la vigencia del DL 701",0%,1,,Prorroga la vigencia del DL 701,,,,,,,,,,,,0,,,,0,,,,,1,,,No se conocen proyectos de ley asociados a esta promesa,No se conocen proyectos de ley asociados a esta promesa
3,Agricultura,"Potenciamiento del SAG, Agencia de Inocuidad Sanitaria, CORFO y ProChile","Y en este sentido,potenciaremos al Servicio Agrícola Ganadero en el ámbito sanitario, a la Agencia de Inocuidad Sanitaria, a los instrumentos de CORFO para el mejoramiento de la calidad y a ProChile para ampliar y profundizar el acceso a los mercados externos",0%,1,,"Potencia el SAG, Agencia de Inocuidad Sanitaria, CORFO y ProChile",,,,,,,,,,,,0,,,,0,,,,,1,,,No se conocen proyectos de ley asociados a esta promesa,No se conocen proyectos de ley asociados a esta promesa
4,Obras Públicas,Reconocimiento del agua como bien nacional de uso público,"No se trata, además, sólo de escasez hídrica, agravada por la larga sequía que experimentamos,sino también de la sobreexplotación de cuencas y del mal uso de los derechos de agua. Es por eso que hemos propuesto reconocer a las aguas como un bien nacional de uso público en susdiversos estados, modificando sustantivamente el Código de Aguas",40%,4,7543-12,Reforma el Código de Aguas,https://www.camara.cl/pley/pley_detalle.aspx?prmID=7936&prmBoletin=7543-12,1,,,,,,,,,Primer Tramite,"0,4",,,,0,,,,1,4,"El proyecto de ley de Reforma del Código de Aguas, registrado en el boletín N° 7543-12 cumple con el contenido de la promesa en su totalidad, puesto que la indicación sustitutiva del Gobierno establece expresamente que las aguas, en cualquiera de sus estados, son bienes nacionales de uso público.",,El proyecto de ley asociado se encuentra en primer trámite constitucional,El proyecto de ley es totalmente coherente con la promesa realizada
5,Cultura,Creación de Ministerio de Cultura y Patrimonio,"Comprometimos un proyecto que vamos a enviar al Congreso para crear un futuro Ministerio de Cultura y Patrimonio, pero también lo haremos acorde al Convenio 169, por lo cual lo vamos a enviar a consulta de los pueblos indígenas, antes de enviarlo al Parlamento,como corresponde",0%,1,,Sobre la creación del Ministerio de Cultura y Patrimonio,,,,,,,,,,,,0,,,,0,,,,,1,,,No se conocen proyectos de ley asociados a esta promesa,No se conocen proyectos de ley asociados a esta promesa
6,Defensa,Fortalecimiento del Estado Mayor Conjunto,"Será uno de nuestros propósitos fortalecer las capacidades del Estado Mayor Conjunto, al que dotaremos de atribuciones y capacidades que faciliten su accionar en el marco de las catástrofes y emergencias",70%,4,7550-06,Establece el Sistema Nacional de Emergencia y Protección Civil y crea la Agencia Nacional de Protección Civil.,https://www.camara.cl/pley/pley_detalle.aspx?prmID=7940&prmBoletin=7550-06,,,,1,,,,,,Segundo Tramite,"0,7",7,48,1,56,,,,1,4,"El proyecto de ley que establece el Sistema Nacional de Emergencia y Protección Civil y crea la Agencia Nacional de Protección Civil, registrado en e boletín N°7550-06 cumple de manera completa respecto a la promesa en términos de establecer una responsabilidad específica para el Estado Mayor Conjunto, al que corresponderá, como ente coordinador y ejecutor, la responsabilidad de obtener y sistematizar la información de recursos y capacidades disponibles dentro de las instituciones de las Fuerzas Armadas ante situaciones de emergencia. Sin embargo, dicho proyecto no fue ingresado durante la administración de M. Bachelet y en este periodo sólo se le dio urgencia simple.",,El proyecto de ley asociado se encuentra en segundo trámite constitucional,El proyecto de ley es totalmente coherente con la promesa realizada
7,Defensa,Plan de Desarrollo 2014-2018,"Aceleraremos el Plan de Desarrollo 2014-2018, con 3 objetivos estratégicos:el fortalecimiento del Sistema Nacional de Protección Civil; el fortalecimiento de la estructura de la ONEMI y sus Direcciones Regionales y la capacitación para la prevención de la población civil",70%,3,7550-06,Establece el Sistema Nacional de Emergencia y Protección Civil y crea la Agencia Nacional de Protección Civil.,https://www.camara.cl/pley/pley_detalle.aspx?prmID=7940&prmBoletin=7550-06,,,,1,,,,,,Segundo Tramite,"0,7",7,48,1,56,,,1,,3,"El proyecto de ley existente en esta materia, registrado en el boletín N° 7550-06 cumple parcialmente lo relativo a la promesa, aún cuando contiene en él aspectos relevantes como la creación de un Sistema Nacional de Emergencia y Protección Civil para promover e implementar las acciones de prevención, respuesta y atención de emergencias que produzcan; crea la Agencia Nacional de Protección Civil que reemplaza a la actual ONEMI. Sin embargo, no se señalan medidas en términos de capacitación.",,El proyecto de ley asociado se encuentra en segundo trámite constitucional,El proyecto de ley es parcialmente coherente con la promesa realizada
8,Democracia,Reforma al sistema binominal,"Tras 24 años sin éxito en torno a la reforma al sistema binominal, ayer la comisión de Constitución de la Cámara de Diputados, aprobó en general el proyecto de ley que reforma nuestro sistema electoral y pone fin al binominal",100%,4,9326-07,Sustituye el sistema electoral binominal por uno de carácter proporcional inclusivo y fortalece la representatividad del Congreso Nacional.,https://www.camara.cl/pley/pley_detalle.aspx?prmID=9742&prmBoletin=9326-07,,,,,,,,1,,Promulgado,1,4,11,4,19,,,,1,4,"La ley promulgada que Sustituye el sistema electoral binominal por uno de carácter proporcional inclusivo y fortalece la representatividad del Congreso Nacional, registrado en el boletín 9326-07 es coherente en su totalidad con la promesa realizada. Dicha ley regula el cambio del sistema binominal por uno proporcional moderado, regulado por una ley orgánica constitucional.",,El proyecto de ley asociado se encuentra despachado y es Ley de la República,El proyecto de ley es totalmente coherente con la promesa realizada
9,Democracia,Nueva Constitución,"Y por eso es que trabajaremos con participación social y diálogo político, para dotarnos de una nueva Constitución que ponga en su centro a los Derechos Humanos, a la democracia y a la buena política como base del orden común",0%,1,,Sobre la creación de una nueva Constitución ,,,,,,,,,,,,0,,,,0,,,,,1,,,No se conocen proyectos de ley asociados a esta promesa,No se conocen proyectos de ley asociados a esta promesa
10,Democracia,Elección democrática de intendentes,"Para enfrentar los diversos centralismos que hay en Chile, realizaremos transformaciones en la gestión regional y local, entre las que quisiera destacar la elección democrática de los intendentes",40%,4,9834-06,Dispone la elección popular del órgano ejecutivo del gobierno regional.,https://www.camara.cl/pley/pley_detalle.aspx?prmID=10247&prmBoletin=9834-06,1,,,,,,,,,Primer Tramite,"0,4",,,,0,,,,1,4,"El proyecto de ley presentado, registrado en el boletín 9834-06 sobre el Órgano Ejecutivo Del Gobierno Regional, pretende modificar la constitución estableciendo que el cargo de Intendente se elija por votación popular y dure 4 años con posibilidad de reelección inmediata. Dicha propuesta es coherente con la promesa realizada.",,El proyecto de ley asociado se encuentra en primer trámite constitucional,El proyecto de ley es totalmente coherente con la promesa realizada
11,Estado,Mayores autonomía gobiernos regionales y comunales,Entregar mayores facultades y competencias a los gobiernos regionales y comunales,70%,3,7963-06,Relativo al fortalecimiento de la regionalización del país.,https://www.camara.cl/pley/pley_detalle.aspx?prmID=8381&prmBoletin=7963-06,,,,1,,,,,,Segundo Tramite,"0,7",18,14,4,36,,,1,,3,"La indicación sustitutiva del Gobierno establece al proyecto de ley Relativo al fortalecimiento de la regionalización del país, registrado en el boletín 7963-06, un procedimiento para transferir competencias del Gobierno central a los regionales en ordenamiento territorial, fomento de las actividades productivas y desarrollo social y cultural; pero no señala nada respecto de los Gobiernos locales.",,El proyecto de ley asociado se encuentra en segundo trámite constitucional,El proyecto de ley es parcialmente coherente con la promesa realizada
12,Desarrollo Social,Creación de Subsecretaría de la Discapacidad,"Junto a ello, este año enviaremos el proyecto de ley que crea la Subsecretaría de la Discapacidad, dependiente del Ministerio de Desarrollo Social, la que va a tener la misión de impulsar transversalmente el tema de la integración y atención a las necesidades de las personas discapacitadas y sus familias",0%,1,,Sobre la creación de la Subsecretaría de la Discapacidad,,,,,,,,,,,,0,,,,0,,,,,1,,,No se conocen proyectos de ley asociados a esta promesa,No se conocen proyectos de ley asociados a esta promesa
13,Economía y Comercio,Fortalecimiento de SERNAC,"Con la reforma que este Gobierno propondrá, y vamos a enviar el proyecto de ley dentro de los100 días, el Servicio Nacional del Consumidor (SERNAC) asumirá un rol sustancialmente más activo en la protección de los intereses individuales de todos los consumidores",40%,4,9369-03,"Modifica la ley N°19.496, sobre protección de los derechos de los consumidores.",https://www.camara.cl/pley/pley_detalle.aspx?prmID=9783&prmBoletin=9369-03,1,,,,,,,,,Primer Tramite,"0,4",,10,2,12,,,,1,4,"El proyecto de ley registrado en el boletín N° 9369-03, que Modifica ley N° 19.496 sobre Protección de los Derechos de los Consumidores, recoge la promesa en su toladidad, pues fortalece al SERNAC y le otorga mayores facultades de fiscalización y de sanción en materia de derechos de los consumidores.",,El proyecto de ley asociado se encuentra en primer trámite constitucional,El proyecto de ley es totalmente coherente con la promesa realizada
14,Economía y Comercio,Mayores facultades a Asociaciones de Consumidores,"Dotaremos a las Asociaciones de Consumidores de las facultades que les permitan cumplir de mejor forma su misión de proteger, informar y educar a los consumidores, así como asumir la representación y defensa de los derechos de sus afiliados",40%,4,9369-03,"Modifica la ley N°19.496, sobre protección de los derechos de los consumidores.",https://www.camara.cl/pley/pley_detalle.aspx?prmID=9783&prmBoletin=9369-03,1,,,,,,,,,Primer Tramite,"0,4",,10,2,12,,,,1,4,"El proyecto de ley registrado en el boletín N°9369-03, que Modifica ley N° 19.496 sobre Protección de los Derechos de los Consumidores, recoge de forma completa la promesa y con ello fortalece el funcionamiento de las Asociaciones de Consumidores y les da facultades de participar en los procesos de mediación.",,El proyecto de ley asociado se encuentra en primer trámite constitucional,El proyecto de ley es totalmente coherente con la promesa realizada
15,Economía y Comercio,Fortalecimiento Fiscalía Nacional Económica,Entregaremos mayores atribuciones a la Fiscalía Nacional Económica,40%,4,9950-03,"Modifica el decreto con fuerza de ley N° 1, de 2004, del Ministerio de Economía, Fomento y Reconstrucción, que Fija el texto refundido, coordinado y sistematizado del decreto ley N° 211, de 1973, que Fija normas para la defensa de la libre competencia.",https://www.camara.cl/pley/pley_detalle.aspx?prmID=10362&prmBoletin=9950-03,1,,,,,,,,,Primer Tramite,"0,4",,,,0,,,,1,4,"El proyecto presentado y registrado en el boletín N°9950-03, recoge el contenido de la promesa en esta materia y otorga nuevas facultades a la FNE, entre las cuales se encuentra la realización de estudios sobre la evolución competitiva de los mercados y la elaboración de recomendaciones de modificación normativa. Además se establecen sanciones para quienes entorpezcan las investigaciones de la FNE. Todo esto en el marco del proceso de reforma del Sistema de Defensa de la Libre Competencia.",,El proyecto de ley asociado se encuentra en primer trámite constitucional,El proyecto de ley es totalmente coherente con la promesa realizada
16,Economía y Comercio,Proyecto de ley de Reforma Tributaria ,"Hemos enviado a este Parlamento un proyecto de ley de Reforma Tributaria que nos permitirá recaudar en régimen ocho mil 200 millones de dólares, que serán invertidos en su mayoría en la reforma educacional, además de otros programas sociales",100%,4,9290-05,Reforma tributaria que modifica el sistema de tributación de la renta e introduce diversos ajustes en el sistema tributario.,https://www.camara.cl/pley/pley_detalle.aspx?prmID=9702&prmBoletin=9290-05,,,,,,,,1,,Promulgado,1,6,1,,7,,,,1,4,"Proyecto de ley de reforma tributaria con 4 grandes objetivos: aumentar la carga tributaria para financiar, con ingresos permanentes, los gastos permanentes de la reforma educacional; avanzar en equidad tributaria, mejorando la distribución del ingreso; introducir nuevos y más eficientes mecanismos de incentivos al ahorro e inversión, y avanzar en medidas que disminuyan la evasión y la elusión.",,El proyecto de ley asociado se encuentra despachado y es Ley de la República,El proyecto de ley es totalmente coherente con la promesa realizada
17,Economía y Comercio,Fortalecimiento de Servicio de Impuestos Internos,"Para que éstas y otras medidas sean efectivamente aplicadas, dotaremos al al Servicio de Impuestos Internos de más y mejores herramientas",90%,4,9898-05,Fortalece al Servicio de Impuestos Internos para implementar la Reforma Tributaria.,https://www.camara.cl/pley/pley_detalle.aspx?prmID=10318&prmBoletin=9898-05,,,,,,,1,,,Aprobación Presidencial,"0,9",,3,1,4,,,,1,4,"El proyecto de ley registrado en el boletín N° 9898-05, que fortalece al Servicio de Impuestos Internos para implementar la Reforma Tributaria, recoge el contenido de la promesa, puesto que considera un aumento gradual de cargos en la planta de personal del Servicio; un fortalecimiento de la carrera funcionaria en todas las plantas del Servicio; la actualización y modernización de las condiciones de ingreso a la Institución; el mejoramiento de la organización funcional del Servicio y la reestructuración de las remuneraciones.",,El proyecto de ley se encuentra en proceso de ser promulgado,El proyecto de ley es totalmente coherente con la promesa realizada
18,Economía y Comercio,Fortalecimiento de Aduana,"Para que éstas y otras medidas sean efectivamente aplicadas, dotaremos a la Aduana de más y mejores herramientas",0%,1,,Sobre el fortalecimiento de la Aduana,,,,,,,,,,,,0,,,,0,,,,,1,,,No se conocen proyectos de ley asociados a esta promesa,No se conocen proyectos de ley asociados a esta promesa
19,Economía y Comercio,Fortalecimiento de Tesorería,"Para que éstas y otras medidas sean efectivamente aplicadas, dotaremos a la Tesorería de más y mejores herramientas",0%,1,,Sobre fortalecimiento de la Tesorería,,,,,,,,,,,,0,,,,0,,,,,1,,,No se conocen proyectos de ley asociados a esta promesa,No se conocen proyectos de ley asociados a esta promesa
20,Educación,Fortalecimiento de educación parvularia,"Tenemos que asegurar educación de calidad. Y para eso necesitamos también más y mejores profesionales y técnicos por grupo de niñas y niños. Por ello, en un segundo momento fortaleceremos la formación y capacitación de los profesionales y técnicos de la educación parvularia",40%,4,10008-04,Crea el Sistema de Desarrollo Profesional Docente y modifica otras normas,https://www.camara.cl/pley/pley_detalle.aspx?prmID=10422&prmBoletin=10008-04,1,,,,,,,,,Primer Tramite,"0,4",,,,0,,,,1,4,"El proyecto registrado en el boletín N° 10008-04, recoge el contenido de la promesa. Establece disposiciones para la regulación del ingreso al sistema de inducción y desarrollo profesional de todos los profesionales de la educación que se desempeñan en los establecimientos de enseñanza parvularia, implementa de manera obligatoria una evaluación diagnóstica de la formación inicial docente, implementa procesos de inmersión al ejercicio profesional para todo profesor principiante, establece programas de formación para el desarrollo profesional.",,El proyecto de ley asociado se encuentra en primer trámite constitucional,El proyecto de ley es totalmente coherente con la promesa realizada
21,Educación,"Termino del lucro en educación, discriminación en la selección y disminución progresiva de copago","Buscamos, en un primer momento, terminar con el lucro con fondos públicos, así como con la discriminación en la selección y progresivamente con el copago en nuestro sistema educacional",90%,4,9366-04,"Regula la admisión de los y las estudiantes, elimina el financiamiento compartido y prohíbe el lucro en establecimientos educacionales que reciben aportes del Estado",https://www.camara.cl/pley/pley_detalle.aspx?prmID=9781&prmBoletin=9366-04,,,,,,,1,,,Aprobación Presidencial,"0,9",6,5,3,14,,,,1,4,"El proyecto registrado en el boletín N° 9366-04, recoge el contenido señalado en la promesa. Prohíbe la selección con algunas excepciones, prohíbe el lucro en la educación pública y termina gradualmente con el sistema de copago.",,El proyecto de ley se encuentra en proceso de ser promulgado,El proyecto de ley es totalmente coherente con la promesa realizada
22,Educación,Termina con la municipalización de la educación ,Necesitamos construir una nueva institucionalidad para gestionar este derecho con calidad y mirada ciudadana. Por eso enviaremos un proyecto que termina con la municipalización y crea una nueva organización de la educación pública,0%,1,,Sobre el termino de la municipalización de la educación pública,,,,,,,,,,,,0,,,,0,,,,,1,,,No se conocen proyectos de ley asociados a esta promesa,No se conocen proyectos de ley asociados a esta promesa
23,Educación,Nueva carrera profesional docente ,"Ingresaremos a este Honorable Congreso Nacional un proyecto que crea una nueva carrera profesional docente y trabajaremos con el Colegio de Profesores para desarrollar un nuevo pacto para construir , en conjunto, una profesión valorizada y con más capacidades",40%,4,10008-04,Crea el Sistema de Desarrollo Profesional Docente y modifica otras normas,https://www.camara.cl/pley/pley_detalle.aspx?prmID=10422&prmBoletin=10008-04,1,,,,,,,,,Primer Tramite,"0,4",,,,0,,,,1,4,"El proyecto de ley registrado en el boletín N° 10008-04, recoge los contenidos de la promesa. Crea un sistema de desarrollo profesional docente que aumenta la selectividad de las carreras de la educación, implementa de manera obligatoria una evaluación diagnóstica de la formación inicial docente, implementa procesos de inmersión al ejercicio profesional para todo profesor principiante, establece programas de formación para el desarrollo profesional.",,El proyecto de ley asociado se encuentra en primer trámite constitucional,El proyecto de ley es totalmente coherente con la promesa realizada
24,Educación,Creación de Centros de Formación Técnica,"Vamos a anunciar prontamente la ubicación de los primeros cinco centros de formación técnica estatales,que serán creados al amparo de las universidades públicas en cinco regiones que tienen un importante déficit de oferta de Centros de Formación Técnica",70%,4,9766-04,Crea quince Centros de Formación Técnica estatales,https://www.camara.cl/pley/pley_detalle.aspx?prmID=10170&prmBoletin=9766-04,,,,1,,,,,,Segundo Tramite,"0,7",2,5,1,8,,,,1,4,"El proyecto registrado en el boletín N° 9766-04 recoge el contenido de la promesa y crea 15 Centros de Formación Técnica, uno por cada Región del país.",,El proyecto de ley asociado se encuentra en segundo trámite constitucional,El proyecto de ley es totalmente coherente con la promesa realizada
25,Educación,Creación de Superintendencia de Educación Superior,"Antes que cumplamos los primeros 100 días, despacharemos el proyecto que crea la Superintendencia de Educación Superior, una de cuyas funciones será asegurar el cumplimientode la ley que prohíbe el lucro y, sin duda, la calidad",0%,1,,Crea la Superintendencia de Educación superior,,,,,,,,,,,,0,,,,0,,,,,1,,,No se conocen proyectos de ley asociados a esta promesa,No se conocen proyectos de ley asociados a esta promesa
26,Educación,Creación del Administrador Provisional y Cierre de instituciones de Educación Superior,Hemos enviado recientemente el proyecto de ley que crea la figura del Administrador Provisional y de Cierre para las instituciones de Educación Superior,100%,4,9333-04,Crea el Administrador Provisional y Administrador de Cierre de Instituciones de Educación Superior y establece regulaciones en materia de administración provisional de sostenedores educacionales.,https://www.camara.cl/pley/pley_detalle.aspx?prmID=9743&prmBoletin=9333-04,,,,,,,,1,,Promulgado,1,,12,1,13,,,,1,4,"El proyecto de ley promulgado y registrado en el boletín N° 9333-04, recoge el contenido de la promesa. demanera que Establece y regula las figuras del Administrador Provisional y del Administrador con el objeto de resguardar el derecho a la educación de los y las estudiantes y garantizar el adecuado uso de los recursos",,El proyecto de ley asociado se encuentra despachado y es Ley de la República,El proyecto de ley es totalmente coherente con la promesa realizada
27,Educación,Creación de Universidad en región de O'Higgins y región de Aysén,"En los próximos días enviaremos al Congreso el proyecto de ley que crea dos universidades estatales, una en la Región de Aysén y la otra en la Región de O’Higgins, que tendrán la misión clara de involucrarse con el desarrollo local",70%,4,9405-04,Crea Universidad Estatal de la Región del Libertador General Bernardo O`Higgins y Universidad Estatal de la Región de Aysén del General Carlos Ibáñez del Campo.,https://www.camara.cl/pley/pley_detalle.aspx?prmID=9814&prmBoletin=9405-04,,,,1,,,,,,Segundo Tramite,"0,7",4,6,,10,,,,1,4,"El proyecto de ley registrado en el boletín N° 9405-04, recoge el contenido de la promesa y crea dos Universidades estatales, en la Región de O'Higgins y de Aysén",,El proyecto de ley asociado se encuentra en segundo trámite constitucional,El proyecto de ley es totalmente coherente con la promesa realizada
28,Energía,Modernización de gobierno corporativo de ENAP,"Transformar a ENAP en una empresa robusta que fortalezca su balance financiero.Enviaremos un proyecto de ley en la que modernizaremos su gobierno corporativo,que le permita una eficiente gestión empresarial",0%,1,,Modifica el gobierno corporativo de ENAP,,,,,,,,,,,,0,,,,0,,,,,1,,,No se conocen proyectos de ley asociados a esta promesa,No se conocen proyectos de ley asociados a esta promesa
29,Equidad de Género,Creación de Ministerio de la Mujer y la Equidad de Género,"Enviamos ya el proyecto de ley que crea el Ministerio de la Mujer y la Equidad de Género, porque estamos convencidos que Chile necesita una institucionalidad renovada. Buscamos potenciar a las mujeres en materia laboral, dotarlas de mayor autonomía económica, de manera que no tengan dependencias de otras personas",100%,4,9287-06,"Crea el Ministerio de la Mujer y la Equidad de Género, y modifica normas legales que indica.",https://www.camara.cl/pley/pley_detalle.aspx?prmID=9696&prmBoletin=9287-06,,,,,,,,1,,Promulgado,1,4,12,4,20,,,,1,4,"El proyecto de ley promulgado y regitrado en el boletín N°9287-06, reocge el contenido de la promesa. Presenta un rediseño de la institucionalidad, mediante la creción del Ministerio de la Mujer y la Equidad de Género, el cual tendrá funciones vinculadas a la formulación y evaluación de las políticas relativas a la mujer y a la equidad de género.",,El proyecto de ley asociado se encuentra despachado y es Ley de la República,El proyecto de ley es totalmente coherente con la promesa realizada
30,Equidad de Género,Igualdad de salario entre hombres y mujeres,"Pero aquí, permítanme volver sobre un principio que me parece de toda justicia, tenemos que avanzar en una norma que queremos que sea ley del Estado: a igual pega, tiene que haber igual paga entre hombres y mujeres",0%,1,,Sobre la igualdad de salario entre hombres y mujeres,,,,,,,,,,,,0,,,,0,,,,,1,,,No se conocen proyectos de ley asociados a esta promesa,No se conocen proyectos de ley asociados a esta promesa
31,Equidad de Género,Despenalización de la interrupción del embarazo en tres causales,"Chile tiene que enfrentar en una discusión madura, informada y propositiva esta realidad,debatiendo en el Parlamento un proyecto de ley que despenalice la interrupción voluntaria del embarazo en casos de riesgo de vida de la madre, violación e inviabilidad del feto",40%,4,9895-11,Regula la despenalización de la interrupción voluntaria del embarazo en tres causales.,https://www.camara.cl/pley/pley_detalle.aspx?prmID=10315&prmBoletin=9895-11,1,,,,,,,,,Primer Tramite,"0,4",,,,0,,,,1,4,"El proyecto de ley en esta materia y registrado en el boletín N°9895-11, recoge el contenido de la promesa. Se despenaliza el aborto en caso de peligro de la vida de la mujer embarazada, embrión o feto con alteración estructural congénita o genética incompatible con la vida extrauterina y embarazo producto de una violación.",,El proyecto de ley asociado se encuentra en primer trámite constitucional,El proyecto de ley es totalmente coherente con la promesa realizada
32,Equidad de Género,Sistema de cuotas en la participación de las mujeres en el Parlamento,"Finalmente, queremos a más mujeres, a todas las mujeres, en la construcción de nuestra democracia. Pero sé que no todas caben en el Parlamento, pero queremos que más mujeres también estén en el Parlamento. Por eso que incorporaremos la participación política de las mujeres a través de mecanismo de cuotas, incluido en el proyecto de ley que reforma el sistema electoral, actualmente en el Congreso",100%,4,9326-07,Sustituye el sistema electoral binominal por uno de carácter proporcional inclusivo y fortalece la representatividad del Congreso Nacional,https://www.camara.cl/pley/pley_detalle.aspx?prmID=9742&prmBoletin=9326-07,,,,,,,,1,,Promulgado,1,4,12,4,20,,,,1,4,"El proyecto de ley promulgado y registrado en el boletín N° 9326-07, recoge el contenido de la promesa y en el marco de la ley que reforma el sistema electoral establece una cuota de género, requiriendo a cada partido político, integre o no un pacto, que su nómina total de postulantes a la Cámara y al Senado cumpla el requisito de que ningún género esté representado por sobre 3/5 ni por debajo de los 2/5 del total. Complementariamente, establece un mayor aporte fiscal para los partidos en función del número de mujeres que elijan, tanto a la Cámara de Diputados como al Senado, ello para alentarlos a presentar candidatas.",,El proyecto de ley asociado se encuentra despachado y es Ley de la República,El proyecto de ley es totalmente coherente con la promesa realizada
33,Infancia y Juventud,Reforma del SENAME,"Y con respecto a la situación del Sename, llevaremos adelante su reforma que nos permitirá una nueva institucionalidad, que por un lado proteja a la infancia y la adolescencia y otros servicios que pueda trabajar en la rehabilitación e integración de aquellos adolescentes que estén en conflicto con la justicia",0%,1,,Sobre la reforma del SENAME,,,,,,,,,,,,0,,,,0,,,,,1,,,No se conocen proyectos de ley asociados a esta promesa,No se conocen proyectos de ley asociados a esta promesa
34,Justicia y DDHH,Creación de Ley Emilia,"Además de las medidas de seguridad ciudadana que ya describí, quiero hacer un énfasis especial en el proyecto de ley que sanciona el manejo en estado de ebriedad con resultado de muerte o lesiones, conocido como “Ley Emilia”. He recogido las mociones de diversos parlamentarios y propondremos el establecimiento de dos delitos asociados a la conducción en estado de ebriedad con resultado de muerte o lesiones gravísimas: uno simple y uno agravado",100%,4,9411-15,"Modifica Ley de Tránsito, en lo que se refiere al delito de manejo en estado de ebriedad, causando lesiones graves, gravísimas o, con resultado de muerte.",https://www.camara.cl/pley/pley_detalle.aspx?prmID=9828&prmBoletin=9411-15,,,,,,,,1,,Promulgado,1,,5,1,6,,,,1,4,"El proyecto de ley promulgado que se registra en el boletín N° 9411-15, recoge en su totalidad la promesa y por tanto la cumple, puesto que establece delitos simples y calificados en casos de manejo en estado de ebriedad, negarse a realizarse el alcohotest o darse a la fuga.",,El proyecto de ley asociado se encuentra despachado y es Ley de la República,El proyecto de ley es totalmente coherente con la promesa realizada
35,Medio Ambiente,Proyecto de ley de protección de glaciares,"Los glaciares representan una fuente de agua dulce de un valor incalculable. Presentaremos un proyecto de ley que proteja los glaciares y su entorno,haciéndolo compatible con las necesidades y aspiraciones nacionales y regionales",40%,4,9364-12,Establece ley de protección y preservación de glaciares.,https://www.camara.cl/pley/pley_detalle.aspx?prmID=9780&prmBoletin=9364-12,1,,,,,,,,,Primer Tramite,"0,4",,,,0,,,,1,4,"El proyecto de ley registrado en el boletín N°9364-12, recoge la promesa en su contenido cumpliéndola completamente. De modo que la indicación sustitutiva establece la protección y conservación de los glaciares ubicados en el territorio nacional, que se reconocen como parte del patrimonio ambiental del país, constituyen reservas de agua dulce y proveen servicios ecosistémicos.",,El proyecto de ley asociado se encuentra en primer trámite constitucional,El proyecto de ley es totalmente coherente con la promesa realizada
36,Medio Ambiente,Creación del Servicio de Biodiversidad y Áreas Protegidas,"Dentro de los compromisos que asumimos como gobierno, vamos a enviar al Congreso un proyecto de Ley que crea el Servicio de Biodiversidad y Áreas Protegidas",40%,4,9404-12,Crea el Servicio de Biodiversidad y Áreas Protegidas y el Sistema Nacional de Áreas Protegidas.,https://www.camara.cl/pley/pley_detalle.aspx?prmID=9819&prmBoletin=9404-12,1,,,,,,,,,Primer Tramite,"0,4",12,,1,13,,,,1,4,"El proyecto de ley en esta materia, registrado en el boletín N° 9404-12, recoge el contenido de la promesa y por tanto la cumple. Señalando que se crea el Servicio de Biodiversidad y Áreas Protegidas con funciones tales como administrar el Sistema Nacional de Áreas Protegidas y elaborar y ejecutar estudios y programas de investigación, conducentes a conocer el estado de la biodiversidad, entre otras.",,El proyecto de ley asociado se encuentra en primer trámite constitucional,El proyecto de ley es totalmente coherente con la promesa realizada
37,Minería,Modernización de ENAMI,"Impulsaremos la modernización de ENAMI, para que tenga una estructura eficiente y retome el rol de fomento y la relación confiable y de largo plazo con la pequeña y mediana minería",0%,1,,Sobre la modernización de ENAMI,,,,,,,,,,,,0,,,,0,,,,,1,,,No se conocen proyectos de ley asociados a esta promesa,No se conocen proyectos de ley asociados a esta promesa
38,Minería,Capitalización de CODELCO,"Codelco. Enviaremos en el segundo semestre de este año un proyecto de ley para materializar su capitalización, sobre la que informaremos en los próximos meses",100%,4,9530-08,Establece aporte de capital extraordinario para la Corporación Nacional del Cobre de Chile y la autoriza para contraer endeudamiento.,https://www.camara.cl/pley/pley_detalle.aspx?prmID=9944&prmBoletin=9530-08,,,,,,,,1,,Promulgado,1,,2,1,3,,,,1,4,"El proyecto promulgado en el registro del boletín N° 9530-08, recoge lo señalado en la promesa y por tanto la cumple completamente, en tanto autoriza un aporte de capital extraordinario y la capitalización de utilidades propiascon el objetivo de apoyar el financiamiento de los proyectos de inversión contenidos en su Plan de Negocios y Desarrollo (PND) para el período 2014 – 2018",,El proyecto de ley asociado se encuentra despachado y es Ley de la República,El proyecto de ley es totalmente coherente con la promesa realizada
39,Estado,Perfeccionamiento del Sistema de Alta Dirección Pública,"Tras 10 años desde la creación del Sistema de Alta Dirección Pública, perfeccionaremos sus mecanismos para hacerlo cada vez más eficiente en la selección de profesionales como servidores públicos de alto nivel",0%,1,,Sobre la modificación de Sistema de Alta Dirección Pública,,,,,,,,,,,,0,,,,0,,,,,1,,,No se conocen proyectos de ley asociados a esta promesa,No se conocen proyectos de ley asociados a esta promesa
40,Estado,Institucionalización de modalidades de negociación colectiva,"Evaluaremos la institucionalización de modalidades eficaces de negociación colectiva en el sector público, estudiando mecanismos que se hagan cargo de sus especiales particularidades y cuidando, por sobre todo, la continuidad de servicios para la ciudadanía",0%,1,,Sobre la mejora de la negociación colectiva,,,,,,,,,,,,0,,,,0,,,,,1,,,No se conocen proyectos de ley asociados a esta promesa,No se conocen proyectos de ley asociados a esta promesa
41,Estado,Creación del Consejo Superior de Empresas Públicas,"Perfeccionaremos el marco institucional de las empresas del Estado y de aquellas en que éste tenga participación, fortaleciendo sus gobiernos corporativos. Para ello, crearemos el Consejo Superior de Empresas Públicas como un servicio público descentralizado, para facilitar la adopción de las mejores prácticas nacionales e internacionales en materia de gobiernos corporativos",0%,1,,Sobre la creación del Consejo Superior de Empresas Públicas,,,,,,,,,,,,0,,,,0,,,,,1,,,No se conocen proyectos de ley asociados a esta promesa,No se conocen proyectos de ley asociados a esta promesa
42,Estado,Proyecto de ley sobre Probidad Pública,"Además, para regular los conflictos de intereses de los funcionarios públicos, enviaremos prontamente indicaciones a este Congreso Nacional para fortalecer la tramitación del Proyecto de Ley sobre Probidad Pública, el que incluirá un sistema que ponga fin al traspaso no regulado de autoridades o fiscalizadores hacia el sector que antes regulaban",70%,3,7616-06,Probidad en la Función Pública,https://www.camara.cl/pley/pley_detalle.aspx?prmID=8012&prmBoletin=7616-06,,,,1,,,,,,Segundo Tramite,"0,7",5,2,2,9,,,1,,3,"El proyecto de ley sobre probidad en la función pública, registrado en el boletín N°7616-06 cumple parcialmente la promesa según su contenido, aún cuando registra aspectos que pueden considerarse relevantes. Así, las indicaciones se refieren a las declaraciones de intereses y patrimonio, el fideicomiso ciego y la enajenacion forzosa de activos, pero no a la puerta giratoria entre el sector privado y público.",,El proyecto de ley asociado se encuentra en segundo trámite constitucional,El proyecto de ley es parcialmente coherente con la promesa realizada
43,Estado,Modernización del Sistema Estadístico Nacional,Durante el segundo semestre de este año ingresaremos al Congreso una iniciativa legal que moderniza el Sistema Estadístico Nacional y que plasma un verdadero esfuerzo de fortalecimiento del Instituto Nacional de Estadísticas,0%,1,,Sobre modernización del Sistema Estadístico Nacional,,,,,,,,,,,,0,,,,0,,,,,1,,,No se conocen proyectos de ley asociados a esta promesa,No se conocen proyectos de ley asociados a esta promesa
44,Economía y Comercio,Creación del Instituto de Desarrollo de Pesca Artensanal,"Vamos a reformular el proyecto de ley que crea el Instituto de Desarrollo de Pesca Artesanal,que se encuentra actualmente en el Congreso",40%,4,9689-21,"Crea el Instituto Nacional de Desarrollo Sustentable de la Pesca Artesanal y de la Acuicultura de Pequeña Escala, INDESPA.",https://www.camara.cl/pley/pley_detalle.aspx?prmID=10103&prmBoletin=9689-21,1,,,,,,,,,Primer Tramite,"0,4",,,,0,,,,1,4,"El proyecto de ley registrado en el boletín N°9689-21, recoge lo señalado en la promesa y por tanto la cumple completamente, al tener por objeto la creación de una institución con cobertura nacional que, a través de oficinas regionales, contribuya a mejorar la capacidad productiva y/o comercial de los sectores de la pesca artesanal y de la acuicultura a pequeña escala.",,El proyecto de ley asociado se encuentra en primer trámite constitucional,El proyecto de ley es totalmente coherente con la promesa realizada
45,Economía y Comercio,Entrega de derechos de uso y tenencia a largo plazo a pescadores artesanales,Vamos impulsar una ley que facilite la entrega de derechos de uso y tenencia de largo plazo a los actuales pescadores artesanales de las zonas donde desarrollan su actividad productiva,0%,1,,Sobre el fortalecimiento de pescadores artesanales,,,,,,,,,,,,0,,,,0,,,,,1,,,No se conocen proyectos de ley asociados a esta promesa,No se conocen proyectos de ley asociados a esta promesa
46,Desarrollo Social,Creación Aporte Familiar Permanente,"Por eso, al segundo día de iniciado el Gobierno, enviamos al Congreso Nacional el proyecto de ley –que no resuelve todos los temas del país, pero que ayuda a una enorme cantidad de familias- que establece el aporte familiar permanente para el mes de marzo, lo que constituye un beneficio más de nuestro sistema de protección social",100%,4,9273-05,Concede aporte familiar permanente de marzo y ajusta norma que indica.,https://www.camara.cl/pley/pley_detalle.aspx?prmID=9681&prmBoletin=9273-05,,,,,,,,1,,Promulgado,1,,,2,2,,,,1,4,"El proyecto de ley promulgado y registrado en el boletín N°9273-05, recoge en forma completa el contenido de la promesa y crea un aporte monetario familiar de carácter permanente para las familias de menores ingresos durante el mes de marzo.",,El proyecto de ley asociado se encuentra despachado y es Ley de la República,El proyecto de ley es totalmente coherente con la promesa realizada
47,Trabajo y Previsión social,Creación AFP estatal,"Enviaremos un proyecto de ley que crea la AFP estatal, con el objeto de disminuir los costos de administración que pagan los cotizantes en una industria altamente concentrada, y ampliar la cobertura previsional a grupos que históricamente han quedado excluidos del sistema",40%,4,9399-13,Crea una Administradora de Fondos de Pensiones del Estado.,https://www.camara.cl/pley/pley_detalle.aspx?prmID=9810&prmBoletin=9399-13,1,,,,,,,,,Primer Tramite,"0,4",3,,,3,,,,1,4,"El proyecto en esta materia registrado en el boletín N° 9399-13, recoge el conetido de la promesa y por tanto cumple con ella en tanto crea una AFP estatal con el objeto de aumentar la cobertura en materia de pensiones de los trabajadores de menores rentas, trabajadores independientes y trabajadores de zonas geográficas alejadas de centros urbanos, así como introducir mayor competencia en el Sistema de las AFP.",,El proyecto de ley asociado se encuentra en primer trámite constitucional,El proyecto de ley es totalmente coherente con la promesa realizada
48,Pueblos Indígenas,"Creación de Ministerio de Asuntos Indígenas, Creacion de Consejo de Pueblos Indígenas y formulación de una Agenda para el Desarrollo de los Pueblos Indígenas.","Por eso hemos comprometido para los primeros cien días de gobierno -esto estuvo en las medidas-, la creación de un Ministerio de Asuntos Indígenas, la Creación de un Consejo de Pueblos Indígenas y la formulación de una Agenda para el Desarrollo de los Pueblos Indígenas",0%,1,,"Crea Ministerio de Asuntos Indígenas, Consejo de Pueblos Indígenas y agenda de Desarrollo de Pueblos Indígenas",,,,,,,,,,,,0,,,,0,,,,,1,,,No se conocen proyectos de ley asociados a esta promesa,No se conocen proyectos de ley asociados a esta promesa
49,Salud,Creación Fondo Especial de Medicamentos de Alto Costo,"Por eso hemos dicho que vamos a crear un Fondo Especial de Medicamentos de Alto Costo. Servirá para apoyar a las familias que enfrentan enfermedades más complejas. Y eso funcionará de la siguiente manera: si un médico de la Red Asistencial respectiva receta, bajo protocolo, alguno de estos fármacos de alto costo, y él no está cubierto por el seguro público, entoncesse recurrirá a este Fondo para financiarlo",70%,4,9851-11,Crea un Sistema de Protección Financiera para Tratamientos de Alto costo y rinde homenaje póstumo a don Luis Ricarte Soto Gallegos,https://www.camara.cl/pley/pley_detalle.aspx?prmID=10267&prmBoletin=9851-11,,,,1,,,,,,Segundo Tramite,"0,7",,2,2,4,,,,1,4,El proyecto incorpora al Régimen General de Garantías en Salud el Sistema de Protección Financiera para Tratamientos de Alto Costo,,El proyecto de ley asociado se encuentra en segundo trámite constitucional,El proyecto de ley es totalmente coherente con la promesa realizada
50,Salud,Proyecto de ley de Isapres,"Es por ello, como ustedes bien saben, ya está trabajando una comisión de expertos para redactar una propuesta de ley de Isapres que mejore las prestaciones a los afiliados y que resuelva este tipo de problemas",0%,1,,Sobre la modificación de ley de Isapres,,,,,,,,,,,,0,,,,0,,,,,1,,,No se conocen proyectos de ley asociados a esta promesa,No se conocen proyectos de ley asociados a esta promesa
51,Seguridad Ciudadana,Aumento dotación de Carabineros,"En un plazo de 4 años, ya hemos mandado el proyecto pertinente, aumentaremos la dotación de Carabineros en 6.000 funcionarios",100%,4,9336-25,"Aumenta las plantas de personal de Carabineros de Chile; modifica la ley N° 20.502, que crea el Ministerio del Interior y Seguridad Pública, y la ley N° 18.961, Orgánica Constitucional de Carabineros",https://www.camara.cl/pley/pley_detalle.aspx?prmID=9748&prmBoletin=9336-25,,,,,,,,1,,Promulgado,1,4,2,,6,,,,1,4,"La ley promulgada bajo en el regitro del boletín N°9336-25, refleja el contenido de la promesa y por tanto la cumple de manera completa. De modo que el proyecto incrementa en 6.000 efectivos la dotación de Carabineros, en un período de cuatro años, entre el año 2015 y el año 2018, en un rango de 1.500 anuales.",,El proyecto de ley asociado se encuentra despachado y es Ley de la República,El proyecto de ley es totalmente coherente con la promesa realizada
52,Seguridad Ciudadana,Aumento dotación de Policía de Investigaciones,"Y la dotación de la Polícia de Investigaciones en 1.200, desplegando en la calle a nuevos policías de a cuerdo a los requerimientos y necesidades de seguridad preventiva e investigativa",100%,4,9373-25,"Aumenta dotación de personal de Policía de Investigaciones de Chile; modifica estatuto de su personal y modifica el decreto ley N° 2.460, de 1979, Ley Orgánica de la Policía de Investigaciones.",https://www.camara.cl/pley/pley_detalle.aspx?prmID=9787&prmBoletin=9373-25,,,,,,,,1,,Promulgado,1,,,,0,,,,1,4,"La ley promulgada bajo el registro del boletín N°9373-25 refleja el contenido de la promesa y por tanto la cumple de manera completa. Así, el proyecto incrementa la dotación de la PDI en un poco más de 1.200 funcionarios.",,El proyecto de ley asociado se encuentra despachado y es Ley de la República,El proyecto de ley es totalmente coherente con la promesa realizada
53,Trabajo y Previsión social,Fortalecer la libertad sindical,"Queremos terminar con esta gran asimetría de poder, y por eso vamos a fortalecer los tres pilares de la libertad sindical: sindicalización, negociación colectiva y derecho a huelga efectiva",40%,4,9835-13,"Moderniza el sistema de relaciones labores, introduciendo modificaciones al Código del Trabajo.",https://www.camara.cl/pley/pley_detalle.aspx?prmID=10248&prmBoletin=9835-13,1,,,,,,,,,Primer Tramite,"0,4",2,,,2,,,,1,4,"El proyecto de ley regitrado en el boletín N°9835-13, refleja de manera fiel el contenido de la promesa y por tanto cumple completamente con ella, puesto que realiza diversas modificaciones tales como la ampliación de la cobertura de la negociación colectiva, elimina la facultad de reemplazar a los trabajadores en huelga y modifica las normas sobre los sindicatos y sus negocaciaciones",,El proyecto de ley asociado se encuentra en primer trámite constitucional,El proyecto de ley es totalmente coherente con la promesa realizada
54,Trabajo y Previsión social,Modificar proyecto acerca de Multirut,"Y en estos dos meses de Gobierno tomamos la decisión de enviar al Congreso indicaciones al proyecto sobre MultiRut, para desterrar una práctica que atenta contra los derechos laborales de miles de personas del comercio y el retail",100%,4,4456-13,Establece un nuevo concepto de empresa,https://www.camara.cl/pley/pley_detalle.aspx?prmID=4867&prmBoletin=4456-13,,,,,,,,1,,Promulgado,1,,3,,3,,,,1,4,"El proyecto de ley registrado en el boletín N°4456-13, refleja de manera fiel el contenido de la promesa, cumpliendo completamente con ella en tanto regula el multirut de las empresas.",,El proyecto de ley asociado se encuentra despachado y es Ley de la República,El proyecto de ley es totalmente coherente con la promesa realizada
55,Trabajo y Previsión social,"Mejorar condiciones laborales de las y los trabajadores domésticos, temporeros y actividades agrícolas de temporada","También hemos enviado otras iniciativas legales a este Congreso, que buscan mejorar las condiciones laborales de las y los trabajadores, particularmente trabajo doméstico y el de temporeros, y otras actividades agrícolas de temporada",0%,1,,Sobre la mejora en las condiciones laborales de trabajadores y trabajadoras de actividades agrícolas y trabajo doméstico,,,,,,,,,,,,0,,,,0,,,,,1,,,No se conocen proyectos de ley asociados a esta promesa,No se conocen proyectos de ley asociados a esta promesa
56,Trabajo y Previsión social,Mejorar condiciones laborales de trabajadores y trabajadoras de casa particular,"Hace unos días firmamos un conjunto de indicaciones al proyecto de ley que modifica la jornada, descanso y remuneraciones de los trabajadores y trabajadoras de casa particular. Incorporamos también en estas indicaciones una demanda muy sentida de las trabajadoras puertas adentro: que cada mes contemple cuatro días adicionales de descanso, y la obligatoriedad del descanso dominical. Además estamos iniciando formalmente el proceso para ratificar el Convenio 189 de la OIT sobre trabajadores y trabajadoras domésticas",90%,3,9560-10,"Acuerdo que aprueba el Convenio 189, Sobre el Trabajo Decente para las Trabajadoras y los Trabajadores Domésticos, adoptado por la Organización Internacional del Trabajo, el 16 de junio de 2011",https://www.camara.cl/pley/pley_detalle.aspx?prmID=9975&prmBoletin=9560-10,,,,,,,1,,,Aprobación Presidencial,"0,9",2,1,,3,,,1,,3,"El proyecto de ley registrado en el boletín N°9560-10, cumple de manera parcial lo relativo a la promesa aún cuando existen en su contenido aspectos relevntes. En él se propone la aprobación del Convenio 189, Sobre el Trabajo Decente para las Trabajadoras y los Trabajadores Domésticos. Sin embago no hay indicaciones a la actual ley relativa a la jornada, descanso y remuneraciones de los trabajadores y trabajadoras de casa particular.",,El proyecto de ley se encuentra en proceso de ser promulgado,El proyecto de ley es parcialmente coherente con la promesa realizada
57,Obras Públicas,Creación de la Agencia de Concesiones,"Enviaremos este año el proyecto que crea la Agencia de Concesiones, que asesorará a los diversos ministerios y organismos públicos en proyectos concesionados",0%,1,,Proyecto que crea la Agencia de Concesiones,,,,,,,,,,,,0,,,,0,,,,,1,,,No se conocen proyectos de ley asociados a esta promesa,No se conocen proyectos de ley asociados a esta promesa
,,,,"43,5%","2,8",,,,,,,,,,,,,,,,,,,,,,,,,,,