ID,Año,Versión,Área,Promesa,Cumplimiento Total,Coherencia Total,,Boletín,Título del proyecto,Link,1° trámite,Veto,Insistencia,2°-3° trámite,Comisión Mixta,Tribunal Constitucional,Aprobación Presidencial,Promulgado,"Rechazado
/Retirado",Avance,Simple,Suma,Inmediata,Total,Marginal,Parcial Minima,Parcial alto,Total,"Escala de Coherencia
",Justificación,
1,2016,Marzo,Agricultura,"Enviaremos al Congreso un proyecto de ley que contenga el Estatuto del Temporero y la Actividad Agrícola de Temporada, que consagre protección a estos trabajadores y trabajadoras.",0%,1,,,,,,,,,,,,,,0,,,,0,,,,,1,,
2,2016,abril,Agricultura,"En el Gobierno anterior, enviamos el proyecto de Ley de Obtentores Vegetales, conocida como “Ley Monsanto”(...) Hemos conocido nuevos antecedentes y presenciado un debate sobre si esa ley es pertinente y cuáles pueden ser sus riesgos. Vamos a revisar ese proyecto de ley, escuchando todas las opiniones, salvaguardando y respetando la soberanía alimentaria y las semillas tradicionales",0%,1,,,,,,,,,,,,,,0,,,,0,,,,,1,,
3,2016,mayo,Agricultura,También deben potenciarse las capacidades técnicas y de fiscalización del Servicio Agrícola y Ganadero (SAG).,100%,4,,9690-01,Asignaciones y modificaciones a la planta del Servicio Agrícola y Ganadero.,http://congresoabierto.cl/proyectos/9690-01,,,,,,,,1,,1,,3,,3,,,,1,4,"Se crean  asignaciones de estímulo para el personal del SAG, nuevos cargos, bonos extraordinarios y un plan institucional anual y rendición de cuentas de éste",
4,2016,junio,Agricultura,"Formaremos en la Oficina de Estudios y Políticas Agrarias (ODEPA) un equipo de desarrollo de institucionalidad, regulación y normas de libre competencia que permita revisar las normativas de comercio de tal manera de impedir la operación de formas de comercio en la agroindustria o en el sector forestal que atentan contra los consumidores o los productores.",0%,1,,,,,,,,,,,,,,0,,,,0,,,,,1,,
5,2016,julio,Agricultura,"En materia forestal, enviaremos al Congreso un proyecto de ley que prorrogue por dos años los incentivos a la forestación, junto con legislar para eliminar las barreras de entrada que han limitado la incorporación de pequeños y medianos propietarios forestales a los beneficios de la actual legislación sobre bosque nativo.",40%,3,,10064-01,"Extiende la bonificación establecida en el decreto ley N° 701, de 1974, sobre Fomento Forestal, cuyo texto fue reemplazado por el artículo primero del decreto ley N° 2.565, de 1979.",,1,,,,,,,,,"0,4",1,,,1,,,1,,3,"El proyecto de ley en si logra la prorroga de los incentivos a la forestación durante 3 años, pero carece de la legislación en cuanto a la eliminación de las barreras de entrada que limitan la incorporación de pequeños y medianos propietarios forestales.",
6,2016,agosto,Obras Públicas,"Debemos mejorar la gestión del agua para riego eficiente. Potenciaremos las políticas de mejoramientos de canales, pozos profundos y de riego técnificado. Para esto se realizarán los cambios legales y se destinarán los recursos necesarios.",0%,1,,,,,,,,,,,,,,0,,,,0,,,,,1,,
7,2016,septiembre,Obras Públicas,Avanzaremos en una normativa que haga posible la existencia de la figura recursos hídricos con fines sociales. Estos usos serán prioritarios y establecerán restricciones al ejercicio de todos los demás usos con fines competitivos.,40%,4,,7543-12,Reforma el Código de Aguas,http://congresoabierto.cl/proyectos/7543-12,1,,,,,,,,,"0,4",4,2,,6,,,,1,4,"El proyecto contempla que se permita a la Administración limitar el ejercicio de los derechos de aprovechamiento en función del interés público, ya sea reduciéndolos temporalmente o redistribuyendo las aguas y establece el consumo humano y el saneamiento como usos prioritarios del agua, los que siempre prevalecerán en el otorgamiento como en la limitación del ejercicio del derecho de aprovechamiento",
8,2016,octubre,Obras Públicas,También modificaremos la normativa para redefinir la utilización de los acuíferos sobre-otorgados de acuerdo al uso efectivo de los derechos.,40%,4,,7543-12,Reforma el Código de Aguas,http://congresoabierto.cl/proyectos/7543-12,1,,,,,,,,,"0,4",4,2,,6,,,,1,4,"Se establece que las concesiones caducarán por el solo ministerio de la ley si no se hace un uso efectivo del recurso en un plazo de cuatro o de ocho años, según tengan el carácter de derechos consuntivos o no consuntivos.",
9,2016,noviembre,Obras Públicas,"Adicionalmente, estableceremos la normativa que permita el intercambio de derechos provisionales y eventuales por aquella proporción no utilizada de los derechos. En el caso de acuíferos con baja recarga pero con gran volumen almacenado, definiremos volúmenes de agua que se pueden extraer en plazos determinados sin generar efectos ambientales adversos.",0%,1,,,,,,,,,,,,,,0,,,,0,,,,,1,,
10,2016,diciembre,Cultura,"Pondremos en marcha una nueva política nacional de museos, que les permita financiarse y mejorar su gestión y contenidos que ofrecen a la ciudadanía.",0%,1,,,,,,,,,,,,,,0,,,,0,,,,,1,,
11,2016,enero,Cultura,"Adicionalmente, desarrollaremos una política sobre cultura digital, que nos permita aprovechar de mejor manera el desarrollo tecnológico, para, por una parte, ampliar las posibilidades para las políticas públicas de fomento a la creación cultural y, por la otra, democratizar, promover y facilitar, de mejor manera, el acceso a bienes culturales por parte de la ciudadanía.",0%,1,,,,,,,,,,,,,,0,,,,0,,,,,1,,
12,2016,febrero,Cultura,"En los primeros 100 días de Gobierno enviaremos al Congreso un proyecto de ley que crea el Ministerio de Cultura y Patrimonio, que será una institución con énfasis locales, que promueva la cultura, las artes y la interculturalidad, para lo cual, presentaremos un proyecto de ley al Congreso.",40%,4,,,,,1,,,,,,,,,"0,4",,,,0,,,,1,4,,
13,2016,marzo,Cultura,"Implementaremos políticas públicas que permitan asegurar una adecuada protección y circulación de la producción audiovisual, musical, así como del libro.",0%,1,,,,,,,,,,,,,,0,,,,0,,,,,1,,
14,2016,abril,Cultura,"Introduciremos modificaciones al Consejo Nacional de Televisión, incorporándolo al Ministerio de Cultura y Patrimonio, ampliando sus atribuciones, manteniendo su rol de regulador de la TV, enfatizando su rol de fomento de la calidad de la industria televisiva, tanto a nivel de TV abierta, pago, regional y comunitaria.",0%,1,,,,,,,,,,,,,,0,,,,0,,,,,1,,
15,2016,mayo,Cultura,"Enviaremos un proyecto de ley al Congreso para realizar un conjunto de modificaciones en materia de televisión pública. Se deben ampliar las facultades de TVN para un cumplimiento efectivo de los objetivos asociados con la misión pública que la ley le entrega. Al directorio se le aplicarán los deberes y régimen de responsabilidades de los directores de las Sociedades Anónimas y se debe imponer la obligación al Directorio del canal público de dar cuenta de su gestión una vez al año. TVN, debe incorporar financiamiento público de manera sistemática, con el objeto de que pueda producir bienes públicos socialmente valorados que los privados no tienen obligación de producir.",0%,1,,,,,,,,,,,,,,0,,,,0,,,,,1,,
16,2016,junio,Cultura,Perfeccionaremos la legislación y fiscalización del cumplimiento de los derechos laborales aplicables a los distintos sectores de la cultura.,0%,1,,,,,,,,,,,,,,0,,,,0,,,,,1,,
17,2016,julio,Defensa,"En el ámbito doméstico nuestro objetivo fundamental será retomar con ímpetu las reformas institucionales para el desarrollo de una Defensa Nacional mejor preparada para las tareas que le entregue la autoridad civil, logrando ser más transparente, y más eficiente y eficaz. En este sentido, se considera necesario el fortalecimiento del mando del Jefe del Estado Mayor Conjunto en lo relativo a su empleo en tiempos de paz incluso en instancias tales como la preparación, prevención y reacción ante emergencias, así como de su responsabilidad social.",0%,1,,,,,,,,,,,,,,0,,,,0,,,,,1,,
18,2016,agosto,Defensa,"De esta forma se enviará una indicación sustitutiva al Congreso Nacional respecto del proyecto de ley que deroga la ley reservada del cobre en la que se establezca que la asignación de los recursos para el financiamiento de la Defensa Nacional se realizará mediante la formulación de una planificación presupuestaria cuatrienal, que contemple el financiamiento de los programas y proyectos de inversión y los gastos de operación y mantenimiento de equipamiento.",0%,1,,,,,,,,,,,,,,0,,,,0,,,,,1,,
19,2016,septiembre,Defensa,"Reformaremos la competencia de la Justicia Militar, de manera tal que las causas con civiles víctimas de delitos cometidos por militares y carabineros sean conocidas por tribunales ordinarios. Se avanzará desde el actual modelo de fuero militar hacia uno nuevo caracterizado por la igualdad de las garantías procesales entre ciudadanos civiles y uniformados, con una judicatura letrada y plenamente independiente de la estructura de mando militar.",0%,1,,,,,,,,,,,,,,0,,,,0,,,,,1,,
20,2016,octubre,Defensa,"Concluiremos la modernización de la carrera militar, terminando con las distorsiones previsionales.",0%,1,,,,,,,,,,,,,,0,,,,0,,,,,1,,
21,2016,noviembre,Democracia,Impulsaremos la sustitución del actual sistema electoral binominal para la elección parlamentaria por uno de representación proporcional.,100%,4,,9326-07,Sustituye el sistema electoral binominal por uno de carácter proporcional inclusivo y fortalece la representatividad del Congreso Nacional,http://congresoabierto.cl/proyectos/9326-07,,,,,,,,1,,1,4,11,4,19,,,,1,4,Se reemplaza el sistema electoral binominal por uno proporcional moderado.,
22,2016,diciembre,Democracia,"De esta manera, basada en una fuerte convicción democrática, se recoge la demanda nacional por una Nueva Constitución Política para Chile a impulsar en un proceso democrático, institucional y participativo que permita alcanzar este propósito.",0%,1,,,,,,,,,,,,,,0,,,,0,,,,,1,,
23,2016,enero,Democracia,Impulsaremos la creación de la Defensoría del Pueblo u Ombudsman.,0%,1,,,,,,,,,,,,,,0,,,,0,,,,,1,,
24,2016,febrero,Democracia,"En el plano político, nuestra convicción es que cada región debe elegir a las autoridades que representan mejor los anhelos, sueños y proyectos de la comunidad. Si hoy se eligen alcaldes, parlamentarios y Consejeros Regionales, ese mecanismo debe extenderse a la máxima autoridad regional, hoy su intendente o intendenta.",40%,4,,9834-06,Dispone la elección popular del órgano ejecutivo del gobierno regional.,http://congresoabierto.cl/proyectos/9834-06,1,,,,,,,,,"0,4",6,,,6,,,,1,4,Pretende modificar la constitución estableciendo que el cargo de Intendente se elige por votación popular y dura 4 años con posibilidad de reelección inmediata,
25,2016,marzo,Democracia,"Crearemos una División de Participación Ciudadana en la SEGEGOB, de tal manera de dar adecuado seguimiento y control del cumplimiento de metas ministeriales en materias de participación.",0%,1,,,,,,,,,,,,,,0,,,,0,,,,,1,,
26,2016,abril,Democracia,"Nos comprometemos a impulsar la tramitación, hasta su aprobación, de un proyecto de ley que otorgue el derecho a voto de chilenos en el extranjero. / Regula el ejercicio del derecho a voto de los chilenos en el extranjero",100%,4,#REF!,9069-07,Regula el ejercicio del sufragio de los ciudadanos que se encuentran fuera del país.,http://congresoabierto.cl/proyectos/9069-07,,,,,,,,1,,1,,2,,2,,,,1,4,Ver Reforma Constitucional: http://www.leychile.cl/Navegar?idLey=20748&tipoVersion=0,
,2016,mayo,Democracia,,40%,4,#REF!,10344-06,Regula el ejercicio del sufragio de los ciudadanos que se encuentran fuera del país.,http://www.senado.cl/appsenado/templates/tramitacion/index.php,1,,,,,,,,,"0,4",1,,,1,,,,1,4,"Proyecto de ley aborda la inscripción y cambio de domicilio de los chilenos que sufraguen en el exterior, y la modalidad de votación en el extranjero. ",
27,2016,junio,Justicia y DDHH,"Reconoceremos con el máximo valor en la Constitución, los tratados y convenciones internacionales sobre derechos humanos y, en especial, incorporaremos una norma que establezca que, en toda interpretación constitucional o legal, deben primar dichos tratados o convenciones.",40%,3,,9748-07,"Modifica la Constitución Política de la República para establecer que los crímenes y delitos de guerra, lesa humanidad y genocidio no puedan prescribir ni ser amnistiados.",http://congresoabierto.cl/proyectos/9748-07,1,,,,,,,,,"0,4",6,12,,18,,,1,,3,"El proyecto incorpora un nuevo inciso final al numeral 3° del artículo 19 de la Constitución, que establece que los crímenes y delitos que conforme al derecho nacional o internacional sean calificables de genocidio, lesa humanidad o guerra, no serán susceptibles de amnistía o prescripción –total o parcial- , con independencia de la fecha en que ellas se hubieren cometido, adaptando con ello la legislación chilena a las exigencias del Derecho Internacional sobre la materia. Sin embargo no señala nada sobre la interpretación de las normas de acuerdo a los tratados internacionales",
28,2016,julio,Justicia y DDHH,"Impulsaremos medidas legislativas y administrativas que impidan la impunidad en materia de DDHH, tales como impedir toda aplicación en los juicios sobre Crímenes de Lesa Humanidad del D.L. N°2.191, de Amnistía de 1978, y de las normas que regulan la prescripción en materia de delitos comunes o de la prescripción en materia de responsabilidades civiles.",40%,4,#REF!,9773-07,"Adecua la ley penal en materia de amnistía, indulto y prescripción de la acción penal y la pena a lo que dispone el derecho internacional respecto de los delitos de genocidio, de lesa humanidad o de guerra.",http://congresoabierto.cl/proyectos/9773-07,1,,,,,,,,,"0,4",10,7,,17,,,,1,4,"Establece que los crímenes y delitos de guerra, lesa humanidad y genocidio, cualquiera sea la fecha en que se hayan cometido, son imprescritpibles e inamnistiables, como también que no se podrá conceder indulto o cualquier otro beneficio alternativo que implique la reducción o sustitución de las condenas privativas de libertad a los autores de estos crímenes y delitos. ",
,2016,agosto,Justicia y DDHH,,70%,4,#REF!,6422 -07,Establece ley interpretativa que adecua la legislación penal chilena a los tratados internacionales en materia de derechos humanos,http://congresoabierto.cl/proyectos/6422-07,,,,1,,,,,,"0,7",1,11,,12,,,,1,4,"Establece que no se podrán aplicar las normas sobre amnistía o prescripción cuando según las reglas del derecho internacional se refiera a hechos que configuren delitos de genocidio o crímenes de lesa humanidad o de guerra, así como la inaplicabilidad de la denominada prescripción gradual de la pena o media prescripción.",
,2016,septiembre,Justicia y DDHH,,70%,4,#REF!,1265-10,"Aprueba la Convención sobre Imprescriptibilidad de los Crímenes de Guerra y de los Crímenes de Lesa Humanidad, adoptada por la Asamblea General de las Naciones Unidas, mediante la resolución Nº 2391 (XXIII), del 26 de Noviembre de 1968",http://congresoabierto.cl/proyectos/1265-10,,,,1,,,,,,"0,7",,1,,1,,,,1,4,"Califica a los crímenes de guerra y de lesa humanidad entre los delitos de derecho internacional más graves y expresa el principio de la imprescriptibilidad de estos crímenes y, asimismo, asegura su aplicación universal.",
,2016,octubre,Justicia y DDHH,,40%,4,#REF!,4162-07,"Proyecto de ley que declara la nulidad del Decreto Ley N° 2.191, de 1978.",http://congresoabierto.cl/proyectos/4162-07,1,,,,,,,,,"0,4",9,1,,10,,,,1,4,"Declara nulo el DL de amnistía y establece que son imprescritibles e inamnistiables los delitos calificados como crímenes de guerra o crímenes de lesa humanidad, de conformidad a los Tratados Internacionales ratificados por Chile y que se encuentran vigentes, así como por los Principios Generales del Derecho Internacional.",
29,2016,noviembre,Justicia y DDHH,"Crearemos la Subsecretaría de Derechos Humanos en el Ministerio de Justicia y Derechos Humanos, con dotación de recursos humanos y presupuestarios que permitan el trabajo de coordinación y ejecución en materia de derechos humanos.",100%,4,,8207-07,Crea la Subsecretaría de Derechos Humanos y establece adecuaciones en la Ley Orgánica del Ministerio de Justicia,http://congresoabierto.cl/proyectos/8207-07,,,,,,,,1,,1,,7,1,8,,,,1,4,Ver ley 20.885 en: http://www.leychile.cl/Navegar?idLey=20885&tipoVersion=0 crea subsecretaría de derechos humanos,
30,2016,diciembre,Justicia y DDHH,"Adoptaremos medidas, legislativas si fueren necesarias, para reconocer el derecho de las víctimas de las graves violaciones a los derechos humanos y sus familiares, a obtener reparaciones civiles de los victimarios y, en su caso, del Estado. Revisaremos las actuales leyes reparatorias.",40%,4,#REF!,9593-17,"Consagra el deber de los órganos del Estado de individualizar, como víctimas de desaparición forzada, a las personas detenidas desaparecidas que figuran en los informes que indica",http://congresoabierto.cl/proyectos/9593-17,1,,,,,,,,,"0,4",,,,0,,,,1,4,Establece que todos los órganos del Estado deberán velar por que los registros que estén a su cargo reconozcan y expresen como víctimas de desaparición forzada a las personas detenidas desaparecidas cuyos nombres aparecen incluidos en los informes de las comisiones creadas en la búsqueda de verdad y justicia y que dichos registros deberán actualizarse dentro de un año.,
,2016,enero,Justicia y DDHH,,90%,4,#REF!,10196-17,"Otorga un aporte único, de carácter reparatorio, a las víctimas de prisión política y tortura, reconocidas por el Estado de Chile.",https://www.camara.cl/pley/pley_detalle.aspx?prmID=10619&prmBoletin=10196-17,,,,,,,1,,,"0,9",,,,,,,,1,4,"Proyecto de ley que tiene por objeto establecer un aporte único, de carácter reparatorio a todas y todos  los  calificados como víctimas de prisión política y tortura reconocidos por la Comisión Nacional sobre Prisión Política y Tortura, y la Comisión Asesora para la calificación de Detenidos Desaparecidos, Ejecutados Políticos y víctimas de Prisión Política y Tortura, incluyendo a las cónyuges sobrevivientes",
31,2016,febrero,Justicia y DDHH,"Asignaremos a una entidad estatal permanente que se haga cargo del reconocimiento, acogida, asistencia jurídica, social y de reparación para las víctimas de Crímenes de la Dictadura.",0%,1,,,,,,,,,,,,,,0,,,,0,,,,,1,,
32,2016,marzo,Justicia y DDHH,"Adicionalmente, desarrollaremos una iniciativa legal para regular el derecho a reunión y revisaremos los reglamentos, protocolos y práctica de las Fuerzas Policiales para su adecuación a estándares internacionales.",0%,1,,,,,,,,,,,,,,0,,,,0,,,,,1,,
33,2016,abril,Estado,Nuestro compromiso es dotar al gobierno regional de autonomía política y administrativa especialmente en las materias relacionadas con el desarrollo y competitividad del territorio.,70%,4,,7963-06,Relativo al fortalecimiento de la regionalización del país.,http://congresoabierto.cl/proyectos/7963-06,,,,1,,,,,,"0,7",,1,2,3,,,,1,4,"La indicación sustitutiva del Gobierno establece un procedimiento para transferir competencias del Gobierno central a los regionales  en ordenamiento territorial, fomento de las actividades productivas y desarrollo social y cultural.",
34,2016,mayo,Estado,"Para apoyar este proceso, la Subsecretaría de Desarrollo Regional (SUBDERE) contará con mandato especial. Estableceremos en la SUBDERE una unidad especializada de descentralización, la que impulsará, coordinará y evaluará el proceso de descentralización y transferencia de facultades y competencias a regiones, así como el traspaso de Servicios Públicos, proceso que será paulatino y por grupos de regiones.",0%,1,,,,,,,,,,,,,,0,,,,0,,,,,1,,
35,2016,junio,Estado,"Se deberán realizar los cambios normativos necesarios para establecer las condiciones que permitan que los Gobiernos Regionales tengan relaciones más estrechas de cooperación con las Municipalidades de la Región para el cumplimiento de objetivos comunes o complementarios, incluyendo presupuestos de inversión.",0%,1,,,,,,,,,,,,,,0,,,,0,,,,,1,,
36,2016,julio,Estado,"Adicionalmente, realizaremos las modificaciones tendientes a mejorar los mecanismos de participación, transparencia y control ciudadano regional.",0%,1,,,,,,,,,,,,,,0,,,,0,,,,,1,,
37,2016,agosto,Estado,"Por otra parte, resulta fundamental que cada región cuente con un sistema de estadísticas que permita registrar el comportamiento en todos los ámbitos de intervención de los gobiernos regionales y posibilite el establecimiento de líneas base, información para el diseño, seguimiento y evaluación de políticas y programas, y para establecer los indicadores que permitan objetividad en las rendiciones de cuentas.",0%,1,,,,,,,,,,,,,,0,,,,0,,,,,1,,
38,2016,septiembre,Estado,"En la misma línea, extenderemos el Sistema de Alta Dirección Pública a cargos regionales, con el consecuente atractivo de remuneraciones.",0%,1,,,,,,,,,,,,,,0,,,,0,,,,,1,,
39,2016,octubre,Desarrollo Social,"Establecer la institucionalidad pública será una prioridad. Crearemos la Subsecretaría de la Discapacidad, que impulsará de manera transversal el tema, teniendo como eje la integración y necesidades de las personas con discapacidad y sus familias.",0%,1,,,,,,,,,,,,,,0,,,,0,,,,,1,,
40,2016,noviembre,Desarrollo Social,"Incorporaremos al arancel de FONASA y a la cobertura de seguros privados, las prestaciones de Terapeutas Ocupacionales.",0%,1,,,,,,,,,,,,,,0,,,,0,,,,,1,,
41,2016,diciembre,Desarrollo Social,"Además, estudiaremos la regulación de la condición de preexistencia en los seguros de salud cuando las personas con discapacidad dejan de ser carga o son contratadas y deben cotizar directamente, a fin de evitar la pérdida de beneficios de su programa de salud previo.",0%,1,,,,,,,,,,,,,,0,,,,0,,,,,1,,
42,2016,enero,Economía y Comercio,"El Consejo Nacional de Innovación para la Competitividad (CNIC) (...) contarán con un nuevo estatus legal, que les permita estabilidad, junto con ampliar su ámbito de preocupación desde la competitividad al desarrollo nacional, manteniendo el énfasis en los temas de la investigación científica, el desarrollo tecnológico, la innovación y el emprendimiento, tanto en su dimensión productiva como social.",0%,1,,,,,,,,,,,,,,0,,,,0,,,,,1,,
43,2016,febrero,Economía y Comercio,"El Fondo de Innovación para la Competitividad (FIC) (...) contarán con un nuevo estatus legal, que les permita estabilidad, junto con ampliar su ámbito de preocupación desde la competitividad al desarrollo nacional, manteniendo el énfasis en los temas de la investigación científica, el desarrollo tecnológico, la innovación y el emprendimiento, tanto en su dimensión productiva como social.",0%,1,,,,,,,,,,,,,,0,,,,0,,,,,1,,
44,2016,marzo,Economía y Comercio,"En el ámbito institucional, fortaleceremos al Ministro de Economía en su rol de autoridad responsable en el campo de la innovación y el desarrollo productivo, creando la Subsecretaría de Ciencia, Tecnología e Innovación.",0%,1,,,,,,,,,,,,,,0,,,,0,,,,,1,,
45,2016,abril,Economía y Comercio,En los primeros 100 días de Gobierno se enviará al Congreso el Proyecto de Ley de Reforma Tributaria.,100%,4,,9290-05,Reforma tributaria que modifica el sistema de tributación de la renta e introduce diversos ajustes en el sistema tributario. ,http://congresoabierto.cl/proyectos/9290-05,,,,,,,,1,,1,6,1,,7,,,,1,4,"Se ingresa una reforma tributaria con 4 grandes objetivos: aumentar la carga tributaria para financiar, con ingresos permanentes, los gastos permanentes de la reforma educacional; avanzar en equidad tributaria, mejorando la distribución del ingreso; introducir nuevos y más eficientes mecanismos de incentivos al ahorro e inversión, y avanzar en medidas que disminuyan la evasión y la elusión.",
46,2016,mayo,Economía y Comercio,"En los primeros 100 días de Gobierno, enviaremos al Congreso el proyecto de ley del fortalecimiento del SERNAC, que permitirá que tenga atribuciones reales y efectivas para defender los derechos de los consumidores.",70%,4,,9369-03,"Modifica ley N° 19.496, sobre Protección de los Derechos de los Consumidores. ",http://congresoabierto.cl/proyectos/9369-03,,,,1,,,,,,"0,7",6,18,3,27,,,,1,4,El proyecto fortalece al Sernac y le otorga mayores facultades de fiscalización y de sanción en materia de derechos de los consumidores,
47,2016,junio,Economía y Comercio,"Revisaremos la regulación de los juicios colectivos, para asegurar un procedimiento eficiente que procure soluciones adecuadas,",70%,3,,9369-03,"Modifica ley N° 19.496, sobre Protección de los Derechos de los Consumidores. ",http://congresoabierto.cl/proyectos/9369-03,,,,1,,,,,,"0,7",6,18,3,27,,,1,,3,"El proyecto se preserva y perfecciona la facultad del SERNAC de llevar a cabo mediaciones colectivas con anterioridad al ejercicio de las acciones judiciales, regulando su procedencia, su plazo de duración, su publicidad a fin de que los consumidores afectados o las Asociaciones de Consumidores puedan efectuar observaciones y sugerir ajustes en las soluciones propuestas, y sus efectos en el caso en que se arribe a un acuerdo que solucione el conflicto. Sin embargo no hay modificaciones a los procesos de juicios colectivos.",
48,2016,julio,Economía y Comercio,"Para una mejor coordinación institucional, estableceremos en la Ley de Protección de los Derechos de los Consumidores un Sistema Integrado cuya coordinación técnica corresponderá al SERNAC, y que considerará la creación de un Consejo en el que participarán representantes de agencias públicas reguladoras y fiscalizadoras. ",0%,1,,,,,,,,,,,,,,0,,,,0,,,,,1,,
49,2016,agosto,Economía y Comercio,"Cambiaremos el régimen de los ministros del Tribunal de la Libre Competencia (TDLC), hacia uno de dedicación preferente o exclusiva, estableciendo remuneraciones acordes y fijando una compensación para cuando los ministros cesen en el cargo.",0%,1,,,,,,,,,,,,,,0,,,,0,,,,,1,,
50,2016,septiembre,Economía y Comercio,"Sanciones en temas contenciosos. Cambiaremos el tope máximo de las sanciones por porcentaje de ventas obtenidas; introduciremos una sanción adicional para personas involucradas de inhabilitación para directorios, organismos públicos, asociaciones gremiales y colegios profesionales y una sanción adicional para empresas involucradas, excluyéndolas de participar en licitaciones del Estado.",70%,3,,9950-03,"Modifica el decreto con fuerza de ley N° 1, de 2004, del Ministerio de Economía, Fomento y Reconstrucción, que Fija el texto refundido, coordinado y sistematizado del decreto ley N° 211, de 1973, que Fija normas para la defensa de la libre competencia.",http://congresoabierto.cl/proyectos/9950-03,,,,1,,,,,,"0,7",2,14,6,22,,,1,,3,"El proyecto cambia el tope máximo de las sanciones por el doble del beneficio ecónomico reportado por la infracción, o hasta por el 30% de las ventas del infractor correspondientes a la línea de productos y, o servicios asociada a la infracción durante el período por el cual ésta se haya extendido; se introduce las limitaciones para los involucrados sobre la prohibición de contratacion en los organismos centralizados y descentralidos, organismos, empresas o servicios que el estado efectúe aportes, congreso y poder judicial durante 5 años. No existe sanción adicional para las empresas involucradas para evitar su participación en las licitaciones del Estado.",
51,2016,octubre,Economía y Comercio,"Reforzamiento de normas contra colusión. Evaluaremos la inclusión de un tipo penal explícito para carteles más gravosos para los mercados, que sancione los acuerdos entre competidores que les confieran poder de mercado.",70%,4,,9950-03,"Modifica el decreto con fuerza de ley N° 1, de 2004, del Ministerio de Economía, Fomento y Reconstrucción, que Fija el texto refundido, coordinado y sistematizado del decreto ley N° 211, de 1973, que Fija normas para la defensa de la libre competencia.",http://congresoabierto.cl/proyectos/9950-03,,,,1,,,,,,"0,7",2,14,6,22,,,,1,4,"Efectivamente se refuerzan las normas contra la colusión, además de asignar una pena para los carletes más gravosos, incluyendo pena de reclusión  mayor en su grado minimo para quienes se agrupen para lograr un mayor poder de mercado.",
52,2016,noviembre,Economía y Comercio,"Introduciremos en la legislación normas sobre control de operaciones de concentración, explicitando la figura de disminución sustancial de la libre competencia. ",0%,1,,,,,,,,,,,,,,0,,,,0,,,,,1,,
53,2016,diciembre,Economía y Comercio,Fortaleceremos las capacidades técnicas y profesionales de la FNE; estableceremos plazos acotados para sus investigaciones; la facultad para que emita fundadamente advertencias y para requerir información estadística a otros organismos del Estado.,0%,1,,,,,,,,,,,,,,0,,,,0,,,,,1,,
54,2016,enero,Economía y Comercio,"Para hacerse cargo de este diagnóstico, entregaremos facultades a la Superintendencia de Bancos e Instituciones Financieras (SBIF) para supervisar por solvencia cualquier agente financiero y crediticio relevante. Esto debe incluir a cajas de compensación, cooperativas y empresas de comercio, entre otras. La SBIF estará facultada para decidir las entidades específicas que serían supervisadas bajo su alero, en base a criterios de ser entidad financiera, tener un tamaño mínimo y un cierto apalancamiento relevante.",100%,2,,8132-26,"Modifica el Decreto con Fuerza de Ley N° 5, de 2003, del Ministerio de Economía, Fomento y Reconstrucción, que fija el texto refundido, coordinado y sistematizado de la Ley General de Cooperativas",http://congresoabierto.cl/proyectos/8132-26,,,,,,,,1,,1,,,,0,,1,,,2,Se le otorgan facultades de fiscalización a la SBIF sobre ciertas cooperativas,
55,2016,febrero,Economía y Comercio,"Complementariamente incorporaremos un capítulo de conglomerados financieros en los cuerpos legales pertinentes, donde se defina al conglomerado financiero como objeto de supervisión, se determinen sus requerimientos de capital, liquidez y gobierno, se defina al supervisor, y se separe la parte financiera del conglomerado del resto del grupo económico.",0%,1,,,,,,,,,,,,,,0,,,,0,,,,,1,,
56,2016,marzo,Educación,"En relación a la población de pre-kínder y kínder, la cobertura actual es casi completa, por lo que la propuesta es avanzar hacia la obligatoriedad de pre-kinder.",0%,1,,,,,,,,,,,,,,0,,,,0,,,,,1,,
57,2016,abril,Educación,"Modernizaremos la institucionalidad de la educación parvularia, separando el rol de diseño de política, creando una Subsecretaría de Educación Parvularia en el Ministerio de Educación (MINEDUC), del rol fiscalizador, ejercido por una Intendencia de Educación Parvularia en la Superintendencia de Educación, y del rol de provisión del servicio, a cargo de JUNJI, Integra y otros prestadores debidamente acreditados.",100%,3,,9365-04,"Crea la Subsecretaría de Educación Parvularia, la Intendencia de Educación Parvularia y, modifica diversos cuerpos legales.",http://congresoabierto.cl/proyectos/9365-04,,,,,,,,1,,1,8,4,3,15,,,1,,3,"Ver Ley 20.835 http://www.leychile.cl/Navegar?idLey=20835&tipoVersion=0, ley que crea: CREA LA SUBSECRETARÍA DE EDUCACIÓN PARVULARIA, LA INTENDENCIA DE EDUCACIÓN PARVULARIA Y MODIFICA DIVERSOS CUERPOS LEGALES",
58,2016,mayo,Educación,"Se eliminará la existencia de lucro con recursos públicos, por tanto, se dirigirá el financiamiento público únicamente a instituciones sin fines de lucro, que tengan como único fin la entrega de educación de calidad en el marco de un derecho social.",100%,4,,9366-04,"Regula la admisión de los y las estudiantes, elimina el financiamiento compartido y prohíbe el lucro en establecimientos educacionales que reciben aportes del Estado.",http://congresoabierto.cl/proyectos/9366-04,,,,,,,,1,,1,6,5,3,14,,,,1,4,"Ver Ley 20.845: http://www.leychile.cl/Navegar?idLey=20845&tipoVersion=0, ley de: DE INCLUSIÓN ESCOLAR QUE REGULA LA ADMISIÓN DE LOS Y LAS ESTUDIANTES, ELIMINA EL FINANCIAMIENTO COMPARTIDO Y PROHÍBE EL LUCRO EN ESTABLECIMIENTOS EDUCACIONALES QUE RECIBEN APORTES DEL ESTADO",
59,2016,junio,Educación,"Terminaremos gradualmente con el financiamiento compartido. (...) El fin del financiamiento compartido, junto con otros mecanismos de selección permitirán terminar con la segregación social en la educación financiada con recursos públicos.",100%,4,,9366-04,"Regula la admisión de los y las estudiantes, elimina el financiamiento compartido y prohíbe el lucro en establecimientos educacionales que reciben aportes del Estado.",http://congresoabierto.cl/proyectos/9366-04,,,,,,,,1,,1,6,5,3,14,,,,1,4,El proyecto crea un aporte por gratuidad y se elimina progresivamente el financiamiento compartido,
60,2016,julio,Educación,"Terminaremos con toda forma de selección a nivel de la escuela, tanto económica, social, académica y conductual.",100%,3,,9366-04,"Regula la admisión de los y las estudiantes, elimina el financiamiento compartido y prohíbe el lucro en establecimientos educacionales que reciben aportes del Estado.",http://congresoabierto.cl/proyectos/9366-04,,,,,,,,1,,1,6,5,3,14,,,1,,3,El proyecto prohíbe la selección salvo para los liceos con modalidad artística y para los emblemáticos en que se permite una selección del 20% de los alumnos de mejor rendimiento a partir de 7° básico,
61,2016,agosto,Educación,"La administración de los establecimientos municipales será reemplazada por una nueva institucionalidad pública, cuya estructura contempla la creación de un Servicio Nacional de Educación Pública descentralizado y Servicios Locales de Educación Pública, que mantengan la cercanía con la comunidad educativa. ",40%,4,,10368-04,Crea el Sistema de Educación Pública y modifica diversos cuerpos legales.,,1,,,,,,,,,"0,4",1,1,,2,,,,1,4,"creación de nueva institucionalidad, la Dirección de Educación Pública a cargo del ministerio de educación además de 67 servicios locales de educación pública descentralizados y municipales que se relacionarán con el Presidente através del ministerio de eduación",uw 
62,2016,septiembre,Educación,"Estableceremos una carrera docente que, entre otros aspectos, defina mejores remuneraciones; introduzca incentivos y aumente gradualmente el número de horas de la jornada laboral docente que se destine a trabajo fuera del aula. La carrera docente debe instalar el desarrollo profesional y el desempeño de calidad como elemento central de la carrera y debe establecer la reducción gradual del número máximo de estudiantes por curso en la educación subvencionada.",90%,3,,10008-04,Crea el Sistema de Desarrollo Profesional Docente y modifica otras normas,http://www.senado.cl/appsenado/templates/tramitacion/index.php#,,,,,,,1,,,"0,9",3,5,2,10,,,1,,3,pero no establece la reducción gradual del número máximo de estudiantes por curso en la educación subvencionada.,
63,2016,octubre,Educación,"Avanzaremos gradualmente en la gratuidad universal y efectiva de la educación superior, en un proceso que tomará 6 años.",100%,4,,10461-05,"Modifica la ley N° 20.882, de Presupuestos del sector público del año 2016",https://www.camara.cl/pley/pley_detalle.aspx?prmID=10879&prmBoletin=10461-05,,,,,,,,1,,1,,,,0,,,,1,4,Mediante Ley de Presupuesto para el 2016 se establece gratuidad para los estudiantes de universidades que se acojan al sistema de gratuidad y pertenezcan a los 5 primeros quintiles.,
64,2016,noviembre,Educación,"Modernizaremos la institucionalidad pública de la educación superior, creando la Subsecretaría de Educación Superior",0%,1,,,,,,,,,,,,,,0,,,,0,,,,,1,,
65,2016,diciembre,Educación,"(...) la Superintendencia de Educación Superior, con competencias claras y recursos necesarios para cumplir sus funciones, en especial, la fiscalización del uso de los recursos públicos, velar que se cumpla la prohibición de lucro,",0%,1,,,,,,,,,,,,,,0,,,,0,,,,,1,,
66,2016,enero,Educación,"y la Agencia de la Calidad de la Educación Superior, responsable de la acreditación y de velar por la calidad de la educación superior.",0%,1,,,,,,,,,,,,,,0,,,,0,,,,,1,,
67,2016,febrero,Educación,"Frente a situaciones observadas de inviabilidad y cierre de establecimientos de educación superior, el Ministerio de Educación dispondrá de los instrumentos necesarios que permitan garantizar la continuidad de estudios de todos los estudiantes involucrados.",100%,4,,9333-04,Crea el Administrador Provisional y Administrador de Cierre de Instituciones de Educación Superior y establece regulaciones en materia de administración provisional de sostenedores educacionales.,http://congresoabierto.cl/proyectos/9333-04,,,,,,,,1,,1,,12,1,13,,,,1,4,El proyecto establece y regula las figuras del Administrador Provisional y del Administrador con el objeto de resguardar el derecho a la educación de los y las estudiantes y garantizar el adecuado uso de los recursos,
68,2016,marzo,Educación,"Estableceremos un nuevo sistema de acreditación de instituciones de educación superior. La acreditación, tanto institucional como por carreras, será obligatoria para todas las instituciones de educación superior (Universidades, IP y CFT).",0%,1,,,,,,,,,,,,,,0,,,,0,,,,,1,,
69,2016,abril,Educación,"Adicionalmente, crearemos universidades estatales regionales en donde actualmente no existen (Aysén y O´Higgins). En los primeros 100 días de Gobierno se enviará al Congreso el proyecto de ley de creación de estas nuevas universidades.",100%,4,,9405-04,Crea Universidad Estatal de la Región del Libertador General Bernardo O`Higgins y Universidad Estatal de la Región de Aysén del General Carlos Ibáñez del Campo. ,http://congresoabierto.cl/proyectos/9405-04,,,,,,,,1,,1,4,2,,6,,,,1,4,"Ver ley 20.842: http://www.leychile.cl/Navegar?idLey=20842&tipoVersion=0, ley que: CREA LAS UNIVERSIDADES ESTATALES DE LA REGIÓN DE O'HIGGINS Y DE LA REGIÓN DE AYSÉN",
70,2016,mayo,Educación,"Crearemos Centros de Formación Técnica públicos, que tendrán presencia en todas las regiones.",90%,4,,9766-04,Crea quince Centros de Formación Técnica estatales,http://congresoabierto.cl/proyectos/9766-04,,,,,,,1,,,"0,9",2,2,,4,,,,1,4,"El proyecto crea 15 Centros de Formación Técnica, uno por Región del país",
71,2016,junio,Energía,"Asimismo, impulsaremos la aprobación de una norma que facilite la implementación de la interconexión de los sistemas SIC y SING, como troncal de transmisión, en el menor de los plazos, en tanto se cumplan los requisitos técnicos, ambientales y económicos correspondientes.",0%,1,,,,,,,,,,,,,,0,,,,0,,,,,1,,
72,2016,julio,Energía,Mejor Regulación de la Transmisión Eléctrica. Realizaremos las modificaciones normativas necesarias para no desincentivar a empresas generadoras entrantes y promover la competencia que nos permita reducir los precios de la energía.,100%,4,,9515-08,"Introduce modificaciones a la ley General de Servicios Eléctricos, perfeccionando el  sistema de licitaciones de suministro eléctrico para clientes sometidos a regulaciones de precios.",http://congresoabierto.cl/proyectos/9515-08,,,,,,,,1,,1,2,7,1,10,,,,1,4,"El proyecto propone que las licitaciones de suministro eléctrico constituyan un mecanismo que garantice el suministro contratado de clientes regulados a precios competitivos, asegurando condiciones de eficiencia económica, competencia, seguridad y diversificación del sistema eléctrico, conforme la ley.",
73,2016,agosto,Energía,Complementaremos la ley de fomento a las ERNC con un esquema de licitaciones de energía de las empresas distribuidoras para su consumo regulado que faciliten la participación de ERNC y se pueda cumplir con la meta de 20% en el 2025 rebajando los costos marginales en el corto plazo,0%,1,,,,,,,,,,,,,,0,,,,0,,,,,1,,
74,2016,septiembre,Energía,"Incorporaremos en el subsidio habitacional un componente para sistemas que aprovechen la energía solar, ya sea para calentar agua o generación distribuida.",90%,4,,9628-08,"Modifica la ley N° 20.365, que Establece Franquicia Tributaria respecto de Sistemas Solares Térmicos; la ley General de Servicios Eléctricos y la ley que Crea la ENAP.",http://congresoabierto.cl/proyectos/9628-08,,,,,,,1,,,"0,9",3,2,,5,,,,1,4,"El proyecto establece diversos incentivos a la energía solar en viviendas, entre ellas, un subsidio directo para financiar la instalación de paneles solares térmicos en viviendas nuevas subsidiadas por el Estado",
75,2016,octubre,Energía,"Avanzaremos en una estrategia que lleve a incorporar decididamente a ENAP en la estrategia energética de Chile, la que debe incluir la capitalización de la empresa, la reforma al gobierno corporativo, la revisión del modelo de negocio, y los cambios en la ley de ENAP necesarios para permitir estas reformas.",40%,4,,10545-08,Establece un nuevo gobierno corporativo de la Empresa Nacional del Petróleo,,1,,,,,,,,,"0,4",1,,,1,,,,1,4,Proyecto de ley capitaliza ENAP por un monto de 400 millones de USD y moderniza su gobierno corporativo de acuerdo a estándares internacionales y a las normas vigentes en el país para otro tipo de sociedades.,
76,2016,noviembre,Energía,"En el sector eléctrico la Comisión Nacional de Energía (CNE) ha ejercido un rol cada vez más débil en su papel de regulador. Es urgente fortalecer a la CNE, en especial, fortaleciendo su capacidad reguladora.",0%,1,,,,,,,,,,,,,,0,,,,0,,,,,1,,
77,2016,diciembre,Energía,"Daremos seguimiento estrecho a la implementación de las medidas de mayor autonomía y profesionalización de los CDEC, e implementaremos aquellos cambios adicionales que se requieran.",0%,1,,,,,,,,,,,,,,0,,,,0,,,,,1,,
78,2016,enero,Equidad de Género,"Dentro de los primeros 100 días de Gobierno enviaremos al Congreso el proyecto de ley que crea el Ministerio de la Mujer, buscando situar la igualdad entre mujeres y hombres al más alto nivel en la agenda política.",90%,4,,9287-06,"Crea el Ministerio de la Mujer y la Equidad de Género, y modifica normas legales que indica.",http://congresoabierto.cl/proyectos/9287-06,,,,,,,1,,,"0,9",4,12,4,20,,,,1,4,Ver ley 20.820: http://www.leychile.cl/Navegar?idLey=20820&tipoVersion=0,
79,2016,febrero,Equidad de Género,"Esto incluye una ley de derechos sexuales y reproductivos acorde a las realidades y opciones de las personas; (...) y despenalización de la interrupción voluntaria del embarazo en caso de peligro de la vida de la madre, violación o inviabilidad del feto.",40%,4,,9895-11,Regula la despenalización de la interrupción voluntaria del embarazo en tres causales,http://congresoabierto.cl/proyectos/9895-11,1,,,,,,,,,"0,4",8,,,8,,,,1,4,"Se despenaliza el aborto en caso de peligro de la vida de la mujer embarazada, embrión o feto con alteración estructural congénita o genética incompatible con la vida extrauterina y embarazo producto de una violación",
80,2016,marzo,Equidad de Género,"Modificaremos la actual Ley de Violencia Intrafamiliar incorporando todo tipo de violencia de género, no sólo aquella que se vive dentro de las familias o entre cónyuges.",0%,1,,,,,,,,,,,,,,0,,,,0,,,,,1,,
81,2016,abril,Equidad de Género,Modificaremos la ley de igualdad de remuneraciones para hacerla efectiva,0%,1,,,,,,,,,,,,,,0,,,,0,,,,,1,,
82,2016,mayo,Equidad de Género,"Dispondremos medidas de participación equilibrada de mujeres y hombres en el Congreso, las directivas de los partidos políticos, las instituciones públicas, en cargos directivos y directorios de empresas con participación del Estado, en el gabinete ministerial y gobiernos regionales;",90%,3,#REF!,9326-07,Sustituye el sistema electoral binominal por uno de carácter proporcional inclusivo y fortalece la representatividad del Congreso Nacional,http://congresoabierto.cl/proyectos/9326-07,,,,,,,1,,,"0,9",4,11,4,19,,,1,,3,"Se establece una cuota de género, requiriendo a cada partido político, integre o no un pacto, que su nómina total de postulantes a la Cámara y al Senado cumpla el requisito de que ningún género esté representado por sobre 3/5 ni por debajo de los 2/5 del total. Complementariamente, establece un mayor aporte fiscal para los partidos en función del número de mujeres que elijan, tanto a la Cámara de Diputados como al Senado, ello para alentarlos a presentar candidatas. No se establecen estas medidas para otros órganos o instituciones además del Congreso Nacional.",
,2016,junio,Equidad de Género,,90%,3,#REF!,10154-07,Fortalece el carácter público y democrático de los partidos políticos y facilita su modernización.,http://www.senado.cl/appsenado/templates/tramitacion/index.php#,,,,,,,1,,,"0,9",,,,,,,1,,3,Se establece cuota de género en la composición de los órganos internos de los partidos políticos.,
83,2016,julio,Equidad de Género,"Adicionalmente, incorporaremos acciones afirmativas para la contratación femenina dentro de las políticas de selección del Sistema de Alta Dirección Pública.",0%,1,,,,,,,,,,,,,,0,,,,0,,,,,1,,
84,2016,agosto,Equidad de Género,"También en el ámbito de la calidad de vida, promoveremos en la actual normativa de vivienda mecanismos que faciliten el acceso igualitario de hombres y mujeres a los subsidios públicos.",0%,1,,,,,,,,,,,,,,0,,,,0,,,,,1,,
85,2016,septiembre,Desarrollo Social,"En materia legislativa, promoveremos una reforma a la Ley 20.609, de no discriminación, respondiendo a la demanda transversal de las organizaciones de la sociedad civil que intervinieron en su tramitación, de tal modo que no quede reducida simplemente a la consagración de una acción judicial, sino que se establezca el deber para el Estado de elaborar políticas públicas contra la discriminación, acciones afirmativas a favor de los grupos históricamente discriminados y medidas de reparación.",0%,1,,,,,,,,,,,,,,0,,,,0,,,,,1,,
86,2016,octubre,Desarrollo Social,"Junto a ello, evaluaremos una iniciativa en contra de la incitación al odio, que contemple todas las categorías establecidas en la actual ley de no discriminación.",40%,3,,7130-07,Tipifica el delito de incitación al odio racial y religioso,http://congresoabierto.cl/proyectos/7130-07,1,,,,,,,,,"0,4",10,10,,20,,,1,,3,"Tipifica el delito de incitación al odio pero no contempla todas las categorías de la Ley que Establece Medidas contra la Discriminación, tales como: la situación socioeconómica, el idioma, la opinión política, la sindicación o participación en organizaciones gremiales o la falta de ellas, la identidad de género, el estado civil, la edad, la filiación y la apariencia personal.",
87,2016,noviembre,Desarrollo Social,"Matrimonio igualitario: convocaremos a un debate abierto, con participación amplia para la elaboración y posterior envío de un proyecto de ley en esta materia.",0%,1,,,,,,,,,,,,,,0,,,,0,,,,,1,,
88,2016,diciembre,Desarrollo Social,"Promoveremos la tramitación de la ley de identidad de género, que se encuentra en trámite, respondiendo a la necesidad de consagrar legalmente el derecho a la identidad de género, y estableciendo un procedimiento judicial, de acuerdo a normas internacionales suscritas por nuestro país, que permita a las personas trans adecuar su nombre y sexo registral de acuerdo a su propia identidad de género.",40%,4,,8924-07,Reconoce y da protección al derecho a la identidad de género,http://congresoabierto.cl/proyectos/8924-07,1,,,,,,,,,"0,4",3,11,,14,,,,1,4,Se establece el derecho reconocimiento y protección de la Identidad de Género y un procedimiento para adecuar nombre y sexo a dicha identidad,
89,2016,enero,Infancia y Jóvenes,"Enviaremos un proyecto de Ley de Protección Integral a los Derechos de la Infancia y la Adolescencia, marco jurídico de reconocimiento de todos los derechos consagrados en la Convención de derechos del Niño y establecimiento de garantías a todos los niños, niñas y adolescentes, sin discriminación alguna. Se establecerán los mecanismos de exigibilidad de los derechos. Esta Ley derogará la actual Ley de Menores, N° 16.628.",40%,3,,10315-18,Sistema de garantías de los derechos de la niñez,,1,,,,,,,,,"0,4",4,2,,6,,,1,,3,ley de coherencias que busca proteger integralmente los derechos de los niños reconocidos por al constitución tales como provición de servicios y ley de garantías aunque se centra únicamente en los niños sin incluir a los adolescentes de manera explicita,
90,2016,febrero,Infancia y Jóvenes,"Implicará reformar (...) la Ley N°20.032, fortaleciendo las competencias del Estado para una actuación efectiva y eficaz en materia de protección especial",0%,1,,,,,,,,,,,,,,0,,,,0,,,,,1,,
91,2016,marzo,Infancia y Jóvenes,"(...) transformado al SENAME en el Servicio Nacional de Protección de Menores, dependiente del Ministerio de Desarrollo Social",0%,1,,,,,,,,,,,,,,0,,,,0,,,,,1,,
92,2016,abril,Infancia y Jóvenes,Implicará reformar (...) la Ley N° 19.620 que dicta normas sobre adopción de menores. La actual ley de Adopción presenta vacíos que ponen en disputa el interés superior del niño y otros intereses.,40%,4,,9119-18,Reforma integral al sistema de adopción en Chile,http://congresoabierto.cl/proyectos/9119-18,1,,,,,,,,,"0,4",3,3,,6,,,,1,4,"Se presentan indicaciones al proyecto donde se establece que la adopción tiene por objeto velar por el interés superior del adoptado, y amparar su derecho a vivir y desarrollarse en el seno de una familia que le brinde el afecto y le procure los cuidados tendientes a satisfacer sus necesidades espirituales y materiales, cuando ello no le pueda ser proporcionado por su familia de origen.",
93,2016,mayo,Infancia y Jóvenes,Definiremos una Política de Fortalecimiento de la Capacidad Parental de la familia,0%,1,,,,,,,,,,,,,,0,,,,0,,,,,1,,
94,2016,junio,Infancia y Jóvenes,Fortaleceremos el Subsistema de Protección de Infancia Chile Crece Contigo,0%,1,,,,,,,,,,,,,,0,,,,0,,,,,1,,
95,2016,julio,Infancia y Jóvenes,Crearemos en el Ministerio de Desarrollo Social una Subsecretaría de la Juventud.,0%,1,,,,,,,,,,,,,,0,,,,0,,,,,1,,
96,2016,agosto,Justicia y DDHH,"Impulsaremos un Nuevo Sistema de Asistencia Jurídica para Chile. El objetivo de un nuevo sistema de asistencia jurídica debe ser asegurar servicios jurídicos preventivos, de asesoría en asuntos jurídicos y de representación en juicio, para personas que no pueden financiarlos total o parcialmente, de una calidad equivalente a los que se pueden procurar las personas que cuentan con los recursos para ello.",0%,1,,,,,,,,,,,,,,0,,,,0,,,,,1,,
97,2016,septiembre,Justicia y DDHH,"Al respecto, impulsaremos la discución en torno al gobierno judicial, con una amplia participación de este poder. También sobre una carrera judicial alineada con nuevos incentivos, de modo que responda a la diversidad y complejidad de los cambios que Chile demanda en acceso a la justicia, transparencia, rendición de cuentas y equidad.",0%,1,,,,,,,,,,,,,,0,,,,0,,,,,1,,
98,2016,octubre,Justicia y DDHH,"Continuaremos adelante con el proceso de Reforma a la Justicia Civil, con un horizonte de mediano plazo, promoviendo, un reordenamiento de competencias, tanto a nivel local como de jueces de letras",70%,4,,8197-07,Establece el nuevo Código Procesal Civil,http://congresoabierto.cl/proyectos/8197-07,,,,1,,,,,,"0,7",,4,,4,,,,1,4,El proyecto crea un nuevo Código Procesal Civil consagrando el acceso ciudadano a un sistema procesal civil moderno ,
99,2016,noviembre,Justicia y DDHH,"Como resultado de un nuevo mapa de las competencias de la Justicia Civil debemos hacernos cargo del diseño de una nueva judicatura, priorizando la creación de una nueva justicia local verdaderamente independiente de los gobiernos comunales.",0%,1,,,,,,,,,,,,,,0,,,,0,,,,,1,,
100,2016,diciembre,Justicia y DDHH,"Nos haremos cargo de implementar una reforma al Sistema de Notarios, Conservadores de Bienes Raíces y Archiveros, cuya institucionalidad es anacrónica, y se organiza como una fuente de excesivo lucro personal, no asignado en razón de mérito, que además provee servicios muchas veces ineficientes y de alto costo para la ciudadanía.",0%,1,,,,,,,,,,,,,,0,,,,0,,,,,1,,
101,2016,enero,Justicia y DDHH,"Otra iniciativa relevante será eliminar discriminaciones contra la mujer, sustituyendo la sociedad conyugal por una comunidad de bienes, fundada en la igualdad y en la protección del patrimonio familiar; consagrando en todo matrimonio una responsabilidad común y efectiva frente a las deudas familiares; y, modificando la regulación de la compensación económica.",0%,1,,,,,,,,,,,,,,0,,,,0,,,,,1,,
102,2016,febrero,Justicia y DDHH,"Dentro del ámbito de la protección de las familias y la eliminación de discriminaciones propiciaremos una regulación legal que permita, sin discriminación, proteger patrimonialmente a los convivientes que no opten por el matrimonio u otra forma de regulación civil, en particular al menos favorecido en términos patrimoniales o previsionales, en caso de ruptura o muerte.",0%,1,,,,,,,,,,,,,,0,,,,0,,,,,1,,
103,2016,marzo,Justicia y DDHH,"El Acuerdo de Vida en Pareja (AVP), propuesto por el actual gobierno, es insuficiente y no constituye un mecanismo de solución “integral” a los problemas de las uniones heterosexuales y homosexuales. Por ello, para las parejas que no optan por el matrimonio propiciaremos una regulación alternativa, que otorgue derechos y protección integral a los convivientes en sus relaciones mutuas personales y patrimoniales.",100%,4,,7011-07,Regula la figura contractual denominada Acuerdo de Vida en Común,http://congresoabierto.cl/proyectos/7011-07,,,,,,,,1,,1,3,16,2,21,,,,1,4,"El proyecto tiene como objeto homologar, en la mayor cantidad de casos posibles, a los cónyuges con los convivientes civiles.",
104,2016,abril,Justicia y DDHH,"Buscaremos se sancione directamente el incumplimiento de medidas de protección en caso de violencia intrafamiliar y que el delito de maltrato habitual sea debidamente juzgado,",0%,1,,,,,,,,,,,,,,0,,,,0,,,,,1,,
105,2016,mayo,Justicia y DDHH,"En el ámbito del Derecho Penal, impulsaremos una revisión integral de la legislación penal vigente, sin perjuicio de lo cual nos haremos cargo de reformas urgentes, especialmente en el ámbito de los delitos económicos, frente a la premisa de superar el paradigma de una legislación anclada en una visión clasista y estereotipada de la delincuencia. La sanción penal de la colusión constituye un claro ejemplo en esa línea.",0%,1,,,,,,,,,,,,,,0,,,,0,,,,,1,,
106,2016,junio,Justicia y DDHH,"Especializaremos todos los órganos de la justicia penal de adolescentes (policía, jueces, fiscales y defensores), mediante su capacitación y formación profesional, la creación por ley de incentivos de carrera para la dedicación exclusiva o preferente, y la orientación de metas e indicadores hacia el favorecimiento del proceso de reinserción y el respeto de los derechos y garantías de los adolescentes.",100%,2,,9529-07,"Modifica la ley N° 19.718, que crea la Defensoría Penal Pública, con el objeto de crear cargos para la defensa penal especializada en adolescentes.",http://congresoabierto.cl/proyectos/9529-07,,,,,,,,1,,1,,9,,9,,1,,,2,"El proyecto permite la provisión de defensa penal especializada de adolescentes, no obstante no hace referencia a la modificación del sistema judicial, de fiscales y de policía. Ver http://www.leychile.cl/Navegar?idLey=20802&tipoVersion=0",
107,2016,julio,Medio Ambiente,"En materia de fortalecimiento institucional, es necesario evaluar el Sistema de Evaluación de Impacto Ambiental (SEIA,) a la luz de los objetivos iniciales que nos movieron a presentar la reforma a la institucionalidad ambiental en nuestro Gobierno, e impulsaremos con decisión los cambios necesarios que aseguren a todos los ciudadanos, organizaciones y empresarios, una institucionalidad validada desde el punto de vista técnico.",0%,1,,,,,,,,,,,,,,0,,,,0,,,,,1,,
108,2016,agosto,Medio Ambiente,"Asimismo, reforzaremos la Superintendencia del Medio Ambiente dándole presencia organizada en cada región del país.",0%,1,,,,,,,,,,,,,,0,,,,0,,,,,1,,
109,2016,septiembre,Medio Ambiente,"Estableceremos los mecanismos institucionales y recursos para la entrega efectiva de orientación, mediación y defensa ambiental ciudadana, que facilite la solución de problemas ambientales locales.",0%,1,,,,,,,,,,,,,,0,,,,0,,,,,1,,
110,2016,octubre,Medio Ambiente,"Completaremos la reforma ambiental iniciada en el período 2006-2010 (...) tramitando el proyecto de ley que crea el Servicio de Biodiversidad y Áreas Protegidas, que definirá las categorías de protección y establecerá los rangos de prohibiciones y limitaciones de actividades para cada una de ellas, fortaleciendo la protección de la biodiversidad, que no sólo se restringe a las áreas protegidas.",40%,4,,9404-12,Crea el Servicio de Biodiversidad y Áreas Protegidas y el Sistema Nacional de Áreas Protegidas.,http://congresoabierto.cl/proyectos/9404-12,1,,,,,,,,,"0,4",21,,1,22,,,,1,4,"El proyecto crea el Servicio de Biodiversidad y Áreas Protegidas con funciones tales como administrar el Sistema Nacional de Áreas Protegidas y elaborar y ejecutar estudios y programas de investigación, conducentes a conocer el estado de la biodiversidad, entre otras.",
111,2016,noviembre,Medio Ambiente,Estudiaremos una solución al estatuto jurídico que debe tener CONAF.,0%,1,,,,,,,,,,,,,,0,,,,0,,,,,1,,
112,2016,diciembre,Medio Ambiente,Aceleraremos la elaboración y revisión de normas de emisión de aire así como de normas de calidad.,0%,1,,,,,,,,,,,,,,0,,,,0,,,,,1,,
113,2016,enero,Medio Ambiente,"En materia de ruidos aplicaremos y perfeccionaremos la normativa que se vulnera con mucha frecuencia, y exigiremos su cumplimiento con firmeza.",0%,1,,,,,,,,,,,,,,0,,,,0,,,,,1,,
114,2016,febrero,Medio Ambiente,"En materia de olores tenemos herramientas que nos permiten actuar desde ya, pero iniciaremos aceleradamente el proceso de elaboración de la normativa pendiente.",0%,1,,,,,,,,,,,,,,0,,,,0,,,,,1,,
115,2016,marzo,Medio Ambiente,"Sobre residuos, daremos prioridad a proponer y tramitar una ley general de residuos. No soluciona el tema la normativa parcial y dispersa que tenemos hoy. Requerimos una ley integral. Buscaremos eliminar las barreras que hoy existen para que se puedan aplicar las mejores tecnologías disponibles y ya probadas en el mundo.",100%,3,#REF!,7908-15,Sanciona el transporte de desechos hacia vertederos clandestinos,http://congresoabierto.cl/proyectos/7908-15,,,,,,,,1,,1,9,,,9,,,1,,3,"Sanciona el transporte de deshechos hacia vertederos clandestinos, pero no constituye una ley integral en materia de deshechos. Ver ley 20.879: http://www.leychile.cl/Navegar?idLey=20879&tipoVersion=0",
,2016,abril,Medio Ambiente,,70%,4,#REF!,9094-12,Establece marco para la gestión de residuos y responsabilidad extendida del productor,http://congresoabierto.cl/proyectos/9094-12,,,,1,,,,,,"0,7",12,7,3,22,,,,1,4,"El objetivo del proyecto es incentivar la prevención en la generación de residuos y fomentar su reutilización, reciclaje y otro tipo de valorización, a fin de proteger la salud de las personas y el medio ambiente.",
116,2016,mayo,Minería,"La institucionalidad del Estado en el sector minero requiere una modernización para enfrentar el desarrollo del sector. Fortaleceremos al Ministerio de Minería, en especial en recursos humanos y personal técnico calificado.",0%,1,,,,,,,,,,,,,,0,,,,0,,,,,1,,
117,2016,junio,Minería,"Ante el incremento de la inversión estatal en proyectos mineros, fortaleceremos a COCHILCO con mayores atribuciones para cumplir a cabalidad su rol de resguardo de los intereses del Estado en sus empresas mineras, por medio de la fiscalización y evaluación de inversiones y contratos.",0%,1,,,,,,,,,,,,,,0,,,,0,,,,,1,,
118,2016,julio,Minería,"Adicionalmente, realizaremos un fortalecimiento institucional del SERNAGEOMIN para que desarrolle su labor de control de la seguridad en las faenas mineras.",100%,2,,9624-08,"Modifica la ley N° 20.551, que Regula el Cierre de Faenas e Instalaciones Mineras, y el decreto ley N° 3.525, de 1980, que crea el Sernageomin.",http://congresoabierto.cl/proyectos/9624-08,,,,,,,,1,,1,,10,,10,,1,,,2,El proyecto perfecciona la forma de cálculo de la vida útil de los proyectos mineros y en relación al SERNAGEOMIN lo faculta para exigir la entrega de información geológica básica de carácter general y establece sanción de multa en caso de incumplimiento. No hay más normas relativas al fortalecimiento de dicho Servicio. Ver ley 20819: http://www.leychile.cl/Navegar?idLey=20819&tipoVersion=0,
119,2016,agosto,Minería,"Además, revalorizaremos el rol de la Empresa Nacional de Minería (ENAMI) (...). Su actual estructura corporativa le dificulta mostrar eficiencia en su función, por lo que estableceremos un gobierno corporativo moderno.",0%,1,,,,,,,,,,,,,,0,,,,0,,,,,1,,
120,2016,septiembre,Minería,"Estudiaremos y aplicaremos nuevas normas para el perfeccionamiento del sistema de concesiones mineras, de forma que este fomente la exploración y no se constituya en una potencial barrera a la entrada de nuevos actores.",0%,1,,,,,,,,,,,,,,0,,,,0,,,,,1,,
121,2016,octubre,Estado,"Avanzaremos en la profesionalización de las dirigencias deportivas, con mayores exigencias de control y transparencia en el manejo de recursos.",0%,1,,,,,,,,,,,,,,0,,,,0,,,,,1,,
122,2016,noviembre,Estado,"Crearemos la Agencia de Concesiones, con personalidad jurídica propia, competencias y atribuciones. Esta agencia asesorará a los distintos ministerios, servicios y municipalidades que requieran ejecutar proyectos mediante el mecanismo de concesiones.",0%,1,,,,,,,,,,,,,,0,,,,0,,,,,1,,
123,2016,diciembre,Estado,"Para ello crearemos la Dirección Nacional de Evaluación, que tendrá la misión de contribuir al mejoramiento continuo de la calidad de las políticas, programas y proyectos públicos, a través de la incorporación de procesos de evaluación que asesoren la toma de decisiones.",0%,1,,,,,,,,,,,,,,0,,,,0,,,,,1,,
124,2016,enero,Estado,"Para ello, evaluaremos la institucionalización de la negociación colectiva en el sector público, estudiando mecanismos que se hagan cargo de sus especiales particularidades.",0%,1,,,,,,,,,,,,,,0,,,,0,,,,,1,,
125,2016,febrero,Estado,"Perfeccionamiento del Sistema de Alta Dirección Pública. A 10 años de su creación, el Sistema de Alta Dirección Pública ha confirmado su relevancia entre las reformas del Estado que se han implementado en nuestro país. Ha sido exitoso al implantar un exigente sistema de selección de altos directivos. Sin embargo, al producirse el cambio de gobierno en 2010 mostró debilidad, convirtiendo la facultad para despedir a los altos directivos en un mecanismo de remoción política. Por lo tanto, es indispensable incorporar mejoras al sistema;",40%,4,,10164-05,Perfecciona al Sistema de Alta Dirección Pública y Fortalece la Dirección Nacional del Servicio Civil.,,1,,,,,,,,,"0,4",3,1,,4,,,,1,4,"fortalecimiento de la dirección nacional del servicio civil, además de la inclusión de nuevos servicios y la regulación de los altos cargos y del resto de los funcionarios entre otras modificiaciones.",
126,2016,marzo,Estado,"Implementaremos un sistema de fideicomiso ciego para las nuevas autoridades, sin esperar la aprobación del proyecto de ley que se discute actualmente en el Congreso, y el cual fortaleceremos y aceleraremos.",100%,4,,7616-06,Probidad en la Función Pública,http://congresoabierto.cl/proyectos/7616-06,,,,,,,,1,,1,3,,,3,,,,1,4,Ley de Probidad en la Función Pública 20.880: http://www.leychile.cl/Navegar?idNorma=1086062&idVersion=Diferido,
127,2016,abril,Estado,Además profundizaremos la normativa que regula el conflicto de interés en las funciones posteriores al ejercicio de cargos públicos.,40%,4,,10140-07,"Previene y sanciona los conflictos de intereses, y modifica normas sobre inhabilidades e incompatibilidades en el ejercicio de la función pública.",https://www.camara.cl/pley/pley_detalle.aspx?prmID=10563&prmBoletin=10140-07,1,,,,,,,,,"0,4",2,1,,3,,,,1,4,"Proyecto de ley establece que ex autoridades y funcionarios de las entidades fiscalizadoras quedarán inhabilitados, por un plazo de seis meses, de prestar servicios o participar en la propiedad de las entidades fiscalizadas, sólo si intervinieron directa y personalmente en decisiones que las afectaron, dentro de los doce meses anteriores al cese de funciones. También estarán inhabilitados a prestar servicios de cualquier tipo o participar en la propiedad de las entidades fiscalizadas durante un plazo de tres meses. Tendrán prohibido desarrollar actividades de lobby a favor de las entidades sujetas a fiscalización del órgano en que se desempeñaban, por el plazo de dos años. La infracción a dichas normas se sancionan con multas.",
128,2016,mayo,Estado,Perfeccionaremos las declaraciones de patrimonio e intereses de las autoridades públicas a fin de que constituyan efectivamente un mecanismo de transparencia y fiscalización ciudadana.,100%,4,,7616-06,Probidad en la Función Pública,http://congresoabierto.cl/proyectos/7616-06,,,,,,,,1,,1,3,,,3,,,,1,4,Ley de Probidad en la Función Pública 20.880: http://www.leychile.cl/Navegar?idNorma=1086062&idVersion=Diferido,
129,2016,junio,Estado,Fortaleceremos los mecanismos de ahorro previsional voluntario para generar una cobertura más amplia de la clase media y de menores ingresos.,0%,1,,,,,,,,,,,,,,0,,,,0,,,,,1,,
130,2016,julio,Estado,"Para lograr lo anterior perfeccionaremos el proyecto de ley que moderniza el INE, haciendo un verdadero esfuerzo en términos de su fortalecimiento institucional.",40%,4,,10372-03,Crea una nueva institucionalidad del sistema estadístico nacional.                                       x,http://congresoabierto.cl/proyectos/10372-03,1,,,,,,,,,"0,4",,,,0,,,,1,4,"Se propone en el proyecto de ley la modernización del INE a través del de la creación de una nueva institucionalidad orgánica del Instituto Nacional de Estadistica, destacando las siguientes caracteristicas: sea un Organismo técnico, independiente y descentralizado, con personalidad jurídica y patrimonio propio. Adémas de agregar nuevas funciones al instituto y la creación de un Consejo Estadístico Nacional.
",
131,2016,agosto,Estado,"Para el cumplimiento de los objetivos señalados, se debe instaurar una nueva diplomacia que exige una Cancillería moderna, con flexibilidad y capacidad de respuesta a los desafíos del siglo XXI, contando con un personal especializado y una carrera funcionaria basada en capacidades y mérito, acompañada de un diseño y visión estratégica que genere el ya mencionado Sistema Nacional de Política Exterior.",0%,1,,,,,,,,,,,,,,0,,,,0,,,,,1,,
132,2016,septiembre,Estado,"En materia Institucional, el objetivo estratégico es que los municipios pasen de cumplir una función exclusivamente de administración, a la constitución de verdaderos Gobiernos Locales, ampliando las actuales funciones que desarrollan y entregándoles un mayor grado de autonomía en la gestión. Esto es posible, mediante el traspaso de competencias, recursos propios, autonomía administrativa y facultades.",0%,1,,,,,,,,,,,,,,0,,,,0,,,,,1,,
133,2016,octubre,Estado,"Debemos perfeccionar y ampliar los mecanismos de participación comunal, mejorando la legislación que establece los Consejos Comunales de Organizaciones de la Sociedad Civil, ",0%,1,,,,,,,,,,,,,,0,,,,0,,,,,1,,
134,2016,noviembre,Estado,"Debemos perfeccionar y ampliar los mecanismos de participación comunal, (...) estableciendo como política pública los Fondos Concursables y presupuestos participativos.",0%,1,,,,,,,,,,,,,,0,,,,0,,,,,1,,
135,2016,diciembre,Estado,"Debemos perfeccionar y ampliar los mecanismos de participación comunal, (...) ampliando el ámbito de acción de las Oficinas de Información y Reclamos",0%,1,,,,,,,,,,,,,,0,,,,0,,,,,1,,
136,2016,enero,Estado,"Debemos perfeccionar y ampliar los mecanismos de participación comunal, (...) mejorando la regulación sobre consultas ciudadanas y plebiscitos.",0%,1,,,,,,,,,,,,,,0,,,,0,,,,,1,,
137,2016,febrero,Estado,"Debemos fortalecer el Concejo Municipal, entregándole mayores facultades, atribuciones y también responsabilidades y otorgarles a los concejales la responsabilidad de acompañar y monitorear una o más áreas del quehacer municipal con la obligación de rendir cuentas.",0%,1,,,,,,,,,,,,,,0,,,,0,,,,,1,,
138,2016,marzo,Estado,"Sobre la dotación y el estatuto jurídico de los funcionarios municipales se propone retomar el debate sobre el Art. 121 de la constitución que permite a los alcaldes descentralizar la gestión de personal de acuerdo a las particularidades de cada municipio, impulsando la norma legal que otorgue la facultad de revisar la estructura de plantas. La discusión sobre el Art. 121, debe incorporar la revisión de las normas laborales de los funcionarios municipales, con el debido resguardo de la carrera funcionaria y participación de todos los estamentos, permitiendo que éstos trabajen en condiciones de dignidad y de resguardo de sus derechos como trabajadores.",0%,1,,,,,,,,,,,,,,0,,,,0,,,,,1,,
139,2016,abril,Estado,"Estudiar compensaciones, con cargo al presupuesto nacional, por las exenciones de diversos tributos de beneficio municipal, por ejemplo, por exención del pago de los derechos de aseo, del pago de contribuciones, o por la construcción de viviendas sociales, materias que gravan en mayor medida a los municipios más pobres del país",0%,1,,,,,,,,,,,,,,0,,,,0,,,,,1,,
140,2016,mayo,Estado,"Corregir, mediante una modificación a la Ley de Rentas Municipales, las discriminaciones e injusticias que existen, en particular para que los grandes contribuyentes financien adecuadamente las prestaciones y servicios que reciben de los municipios",0%,1,,,,,,,,,,,,,,0,,,,0,,,,,1,,
141,2016,junio,Estado,Asegurar normativamente que cualquier nueva función o tarea que se le asigne a los municipios deberá contemplar el financiamiento respectivo.,0%,1,,,,,,,,,,,,,,0,,,,0,,,,,1,,
142,2016,julio,Economía y Comercio,"Complementariamente, es esencial modernizar el Servicio Nacional de Pesca (Sernapesca). El sub-reporte, la pesca ilegal, o simplemente la no fiscalización de los desembarques, contribuyen a la sobreexplotación. Contar con una institucionalidad fiscalizadora a la altura de los desafíos es también fundamental.",40%,4,,10482-21,Moderniza y fortalece el ejercicio de la función pública del Servicio Nacional de Pesca,http://congresoabierto.cl/proyectos/10482-21,1,,,,,,,,,"0,4",,,,0,,,,1,4,"Modificaciones en materia de funciones  del Sernapesca. Aumento de dotacion en 20 cupos para el efectivo cumplimiento de las funciones de Sernapesca, nuevas facultades para el monitoreo, control y vigilancia además de la creación de de nuevas obligaciones para los agentes de actividades pesqueras, nuevas infracciones y delitos.",
143,2016,agosto,Economía y Comercio,"Asimismo, consideraremos la veda biológica legal de pesquerías declaradas colapsadas, junto con la eliminación progresiva de la pesca de arrastre, mediante una transición que genere los mínimos impactos en la industria nacional.",0%,1,,,,,,,,,,,,,,0,,,,0,,,,,1,,
144,2016,septiembre,Economía y Comercio,"Por ello, impulsaremos el Instituto de Desarrollo de la Pesca Artesanal, con recursos y presencia regional, para que sea un motor de desarrollo social y económico de este sector.",40%,4,,9689-21,"Crea el Instituto Nacional de Desarrollo Sustentable de la Pesca Artesanal y de la Acuicultura de Pequeña Escala, INDESPA.",http://congresoabierto.cl/proyectos/9689-21,1,,,,,,,,,"0,4",,,,0,,,,1,4,"El proyecto crea el INDESPA con presencia en cada región y cuyo objeto será la facilitación del acceso al crédito, la asistencia técnica y capacitación a los beneficiarios en todo el país, el financiamiento de aportes no reembolsables, así como también aquellos destinados a atender situaciones de catástrofe.",
145,2016,octubre,Economía y Comercio,"Adicionalmente, asumimos el compromiso de concretar durante el próximo período presidencial la extensión de las 5 millas de protección artesanal desde Chiloé hasta el extremo sur, para que en todo el país exista una zona exclusiva para pescadores artesanales, y no se discrimine a los pescadores australes.",0%,1,,,,,,,,,,,,,,0,,,,0,,,,,1,,
146,2016,noviembre,Economía y Comercio,"En materia de seguridad social, realizaremos los esfuerzos necesarios para incorporar a los pescadores artesanales, tanto al sistema de pensiones, como a la salud laboral, participando de la ley de Accidentes del Trabajo y Enfermedades Profesionales.",0%,1,,,,,,,,,,,,,,0,2,5,1,8,,,,,1,,
147,2016,diciembre,Economía y Comercio,"En el ámbito de la pesca debemos velar por que los instrumentos legales cautelen los intereses y demandas de todos los sectores involucrados, con una preocupación especial por aquellos más vulnerables. Por esto, realizaremos una evaluación de la Ley de Pesca aprobada durante la actual administración.",0%,1,,,,,,,,,,,,,,0,,,,0,,,,,1,,
148,2016,enero,Trabajo y Prevision social,"En los primeros 100 días de Gobierno se enviará al Congreso un proyecto de ley que crea una AFP estatal, que permita mayor competencia de precios, la atención preferente de grupos de la población de menor interés para las AFP existentes, como los trabajadores independientes, de menores rentas y quienes laboran en zonas apartadas de los grandes centros urbanos;",40%,4,,9399-13,Crea una Administradora de Fondos de Pensiones del Estado.,http://congresoabierto.cl/proyectos/9399-13,1,,,,,,,,,"0,4",2,,,2,,,,1,4,"El proyecto crea una AFP estatal con el objeto de aumentar la cobertura en materia de pensiones de los trabajadores de menores rentas, trabajadores independientes y trabajadores de zonas geográficas alejadas de centros urbanos, así como introducir mayor competencia en el Sistema de las AFP.",
149,2016,febrero,Trabajo y Prevision social,Fortaleceremos los mecanismos de ahorro previsional voluntario para generar una cobertura más amplia de la clase media y de menores ingresos.,0%,1,,,,,,,,,,,,,,0,,,,0,,,,,1,,
150,2016,marzo,Desarrollo Social,"En los primeros 100 días de Gobierno, enviaremos al Congreso, con discusión inmediata, el proyecto de ley del Aporte Familiar Permanente Marzo.",100%,4,,9273-05,Concede aporte familiar permanente de marzo y ajusta norma que indica.,http://congresoabierto.cl/proyectos/9273-05,,,,,,,,1,,1,,,2,2,,,,1,4,Se crea un aporte monetario familiar de carácter permanente para las familias de menores ingresos durante el mes de marzo.,
151,2016,abril,Desarrollo Social,Crearemos una nueva institucionalidad para la medición de la pobreza.,0%,1,,,,,,,,,,,,,,0,,,,0,,,,,1,,
152,2016,mayo,Desarrollo Social,"Adicionalmente, evaluaremos e implementaremos una normativa que permita hacer extensiva la asignación por muerte a la totalidad de los adultos mayores que tienen PBS y a los beneficiarios de APS con saldo cero en su cuenta individual.",0%,1,,,,,,,,,,,,,,0,,,,0,,,,,1,,
153,2016,junio,Desarrollo Social,"Necesitamos agregar un nuevo componente al sistema de protección social, el Sistema Nacional de Cuidado, enfocado en servicios sociales en materia de cuidados. Ello incluye tanto la promoción de la autonomía de las personas mayores, así como el apoyo sistemático y continuo a quienes están en situación de dependencia.",0%,1,,,,,,,,,,,,,,0,,,,0,,,,,1,,
154,2016,julio,Pueblos Indígenas,"Tenemos por delante el desafío impostergable de reconocer constitucionalmente a los Pueblos Indígenas en el marco de la discusión de una Nueva Constitución para Chile, y debatir ahí un nuevo modo de convivencia como sociedad pluricultural.",0%,1,,,,,,,,,,,,,,0,,,,0,,,,,1,,
155,2016,agosto,Pueblos Indígenas,éstos en los distintos niveles de toma de decisiones. Desarrollaremos un proceso de consulta con los Pueblos Indígenas para establecer reformas que generen espacios de autonomía y autodeterminación a nivel territorial mediante la generación de Estatutos Especiales de Autonomía.,0%,1,,,,,,,,,,,,,,0,,,,0,,,,,1,,
156,2016,septiembre,Pueblos Indígenas,"Por esto, en los primeros 100 días de Gobierno enviaremos un proyecto de ley con discusión inmediata, que confiere rango de Ministro de Asuntos Indígenas al Director de la Conadi.",0%,1,,,,,,,,,,,,,,0,,,,0,,,,,1,,
157,2016,octubre,Pueblos Indígenas,"Para que tenga más fuerza esta institución se enviará al Congreso el proyecto de ley que crea el Ministerio de Asuntos Indígenas, que será además el encargado de colaborar con el Presidente de la República en la definición de una política indígena para Chile.",40%,4,,10525-06,Crea el Ministerio de Pueblos Indígenas.,,1,,,,,,,,,"0,4",,,,0,,,,1,4,"creación del ministerio de asuntos indigenas para que colaboren con el Presidente de la República en la creación, coordinación y evaluación de políticas, planes y programas destinados a fortalecer el respeto de los derechos de los pueblos indígenas",
158,2016,noviembre,Pueblos Indígenas,"Enviaremos el proyecto de ley que crea el Consejo de Pueblos Indígenas, autónomo y representativo de los diversos pueblos que existen en Chile.",0%,1,,,,,,,,,,,,,,0,,,,0,,,,,1,,
159,2016,diciembre,Pueblos Indígenas,"La Ley Antiterrorista será modificada para adecuarla a los estándares internacionales, tal como le han recomendado al Estado de Chile los órganos internacionales de protección de derechos humanos.",40%,4,,9692-07,Determina conductas terroristas y su penalidad y modifica los Códigos Penal y Procesal Penal.,http://congresoabierto.cl/proyectos/9692-07,1,,,,,,,,,"0,4",,,,0,,,,1,4,El proyecto modifica nuestra legislación antiterrorista tomando en cuenta las recomendaciones realizadas por los informes de las organizaciones internacionales sobre el tema.,
160,2016,enero,Salud,"Vamos a desarrollar un Plan Nacional para la formación y retención de especialidades médicas para apoyar la formación de 4.000 nuevos especialistas y que incentive el ingreso de más de 5.000 médicos a los programas de formación, junto con articular una política moderna para el desarrollo del recurso humano médico especializado.",100%,4,#REF!,9865-11,Perfecciona normativa sobre profesionales y trabajadores del sector público de salud,http://congresoabierto.cl/proyectos/9865-11,,,,,,,,1,,1,,,2,2,,,,1,4,"El proyecto contempla medidas que constituyen incentivos que permitan atraer y retener a profesionales de la salud, especialmente médicos.",
,2016,febrero,Salud,,40%,4,#REF!,10490-11,"Modifica la ley N° 15.076, para fortalecer el proceso de ingreso y formación en especialidades médicas y odontológicas, y la ley N° 19.664, con el objeto de otorgar beneficios al personal afecto a dicho texto legal",https://www.camara.cl/pley/pley_detalle.aspx?prmID=10914&prmBoletin=10490-11,1,,,,,,,,,"0,4",,,,,,,,1,4,"Proyecto de ley tiene por objeto mejorar los estímulos que fortalezcan el proceso de ingreso y de formación en especialidades médicas y odontológicas, previo a su ingreso a la especialidad, para hacer más atractiva esta etapa de la vida profesional. Para lo anterior, se establecen  nuevos beneficios durante el desempeño de las becas de formación otorgadas tanto por el Ministerio de Salud, como por los Servicios de Salud",
161,2016,marzo,Salud,"Convocaremos a un equipo de expertos con el mandato de redactar una propuesta de Proyecto de Ley de Isapres, que esté en el contexto del funcionamiento global del sistema de seguridad social en el ámbito de la salud.",0%,1,,,,,,,,,,,,,,0,,,,0,,,,,1,,
162,2016,abril,Salud,"Generaremos un Fondo Especial de Medicamentos de Alto Costo, que pueda responder a la demanda de nuestros beneficiarios, bajo protocolos y guías clínicas elaboradas por grupos de expertos.",100%,4,,9851-11,Crea un Sistema de Protección Financiera para Tratamientos de Alto costo y rinde homenaje póstumo a don Luis Ricarte Soto Gallegos,http://congresoabierto.cl/proyectos/9851-11,,,,,,,,1,,1,,,,0,,,,1,4,El proyecto incorpora al Régimen General de Garantías en Salud el Sistema de Protección Financiera para Tratamientos de Alto Costo. Ver Ley: http://www.leychile.cl/Navegar?idLey=20850&tipoVersion=0,
163,2016,mayo,Seguridad Ciudadana,"Promoveremos el derecho de los ciudadanos a vivir en ciudades o localidades más seguras. Esto implica fortalecer el rol de prevención social y situacional que los municipios ejercen, para lo que incorporaremos la seguridad ciudadana como un eje transversal y con preponderancia en el organigrama municipal.",70%,4,,9601-25,"Modifica la ley N° 18.695, orgánica constitucional de Municipalidades, y la ley N° 20.502, que crea el Ministerio del Interior y Seguridad Pública, permitiendo la creación de los consejos comunales y los planes comunales de seguridad pública",http://congresoabierto.cl/proyectos/9601-25,,,,1,,,,,,"0,7",3,19,1,23,,,,1,4,"El proyecto busca fortalecer el rol Municipal en la seguridad pública, establecer un plan comunal de seguridad pública como instrumento de gestión comunal y la creación de los consejos comunales de seguridad pública.",
164,2016,junio,Seguridad Ciudadana,Crearemos en la Subsecretaría de Prevención del Delito una Unidad Técnica de apoyo a los municipios.,0%,1,,,,,,,,,,,,,,0,,,,0,,,,,1,,
165,2016,julio,Seguridad Ciudadana,"Crearemos al interior de 150 comisarías del país las denominadas salas de familia, que serán atendidas por funcionarios llamados al servicio, de modo de no afectar el desvío de personal activo policial destinadas a la atención de casos de violencia intrafamiliar y temas de niños niñas y adolescentes como programa 24 horas.",0%,1,,,,,,,,,,,,,,0,,,,0,,,,,1,,
166,2016,agosto,Seguridad Ciudadana,"Revisaremos la ley 20.000, entregando el conocimiento de las faltas consideradas en esta norma, ya no a la justicia penal, sino a los Juzgados de Policía Local.",0%,1,,,,,,,,,,,,,,0,,,,0,,,,,1,,
167,2016,septiembre,Seguridad Ciudadana,"Entregaremos a la potestad reglamentaria de ejecución, la determinación de los niveles o cuantía de droga que debe considerarse constitutiva de micro tráfico y, consecuentemente, aquella que le está permitido portar a una persona para su consumo personal inmediato en el tiempo.",0%,1,,,,,,,,,,,,,,0,,,,0,,,,,1,,
168,2016,octubre,Seguridad Ciudadana,"Dotaremos de adecuado sustento institucional a los Tribunales de Tratamiento de Drogas, y extenderemos su competencia a diversos casos.",0%,1,,,,,,,,,,,,,,0,,,,0,,,,,1,,
169,2016,noviembre,Seguridad Ciudadana,"Revisaremos y mejoraremos los mecanismos legales de rendición de cuentas públicas previstos en las leyes orgánicas respectivas tanto de la gestión administrativa, presupuestaria y sustantiva del Ministerio Público y las policías.",0%,1,,,,,,,,,,,,,,0,,,,0,,,,,1,,
170,2016,diciembre,Seguridad Ciudadana,"Adicionalmente, revisaremos la Ley Orgánica del Ministerio Público y enviaremos un proyecto de ley al Congreso con el objetivo de flexibilizar su diseño, de manera de permitir un funcionamiento más eficaz de la institución en materia de persecución de los delitos, coordinación interinstitucional y estructura organizacional.",40%,2,#REF!,9608-07,Crea el cargo de Fiscal Especial de Alta Complejidad en el Ministerio Público.,http://congresoabierto.cl/proyectos/9608-07,1,,,,,,,,,"0,4",1,8,,9,,1,,,2,"El proyecto crea la Fiscalía Especial de Alta Complejidad, dedicada a la investigación y persecución de cierto tipo de delitos cuya gravedad y significancia social requiere de una dedicación exclusiva y con personal especializado en la materia. Con esto también se pretende lograr una descongestión en el trabajo de las fiscalías locales. No realiza modificaciones a la Ley Orgánica del Ministerio Público.",
,2016,enero,Seguridad Ciudadana,,100%,4,#REF!,8265-07,Fortalece el Ministerio Público,http://congresoabierto.cl/proyectos/8265-07,,,,,,,,1,,1,,,,0,,,,1,4,"La indicación sustitutiva tiene por objeto el  fortalecimiento integral y modernización del Ministerio Público, potenciando tres áreas: 1) el desarrollo institucional; 2) la investigación y tramitación de causas menos complejas y complejas; 3) la atención de víctimas y testigos. Ver ley 20861: http://www.leychile.cl/Navegar?idLey=20861&tipoVersion=0",
171,2016,febrero,Seguridad Ciudadana,"Adicionalmente, crearemos un Servicio Público Descentralizado de Apoyo a Víctimas -radicado en el Ministerio de Interior y Seguridad Pública- que asuma la dirección de los Centros de Atención de Víctimas, y lidere de Red de Atención a Víctimas.",0%,1,,,,,,,,,,,,,,0,,,,0,,,,,1,,
172,2016,marzo,Seguridad Ciudadana,"Desde el inicio del nuevo sistema procesal penal, un cuello de botella para su funcionamiento ha sido la capacidad de los organismos auxiliares (Servicio Médico Legal, Instituto de Salud Pública, Laboratorios Policiales, etc.). Realizaremos una modernización y fortalecimiento de los servicios auxiliares que tienen por función producir evidencia científica para el sistema.",100%,4,#REF!,9238-07,Establece mejoras para el personal del Servicio Médico Legal.,http://congresoabierto.cl/proyectos/9238-07,,,,,,,,1,,1,1,2,2,5,,,,1,4,Se otorgan facultades a la Presidenta para modificar la planta del Servicio Médico Legal y se concede un bono especial a ciertos funcionarios,
,2016,abril,Seguridad Ciudadana,,40%,4,#REF!,10523-11,Fortalecimiento de la gestión del Instituto de Salud Pública de Chile.,https://www.camara.cl/pley/pley_detalle.aspx?prmID=10935&prmBoletin=10523-11,1,,,,,,,,,"0,4",,,,,,,,1,4,"El proyecto de ley busca fortalecer el ISP mediante el otorgamiento al personal del Instituto de Salud Pública de una asignación de fortalecimiento de la autoridad sanitaria; el	perfeccionamiento de la asignación de dedicación exclusiva; y el incremento de la rendición de cuentas del ISP,",
173,2016,mayo,Seguridad Ciudadana,"Enviaremos al Congreso dentro de los primeros 100 días de Gobierno el proyecto de ley para aumentar la dotación a 6.000 de nuevos carabineros a razón de 1.500 por año, y aumentar los denominados llamados al servicio.",100%,4,,9336-25,"Aumenta las plantas de personal de Carabineros de Chile; modifica la ley N° 20.502, que crea el Ministerio del Interior y Seguridad Pública, y la ley N° 18.961, Orgánica Constitucional  de Carabineros",http://congresoabierto.cl/proyectos/9336-25,,,,,,,,1,,1,4,2,,6,,,,1,4,"El proyecto incrementa en 6.000 efectivos la dotación de Carabineros, en un período de cuatro años, entre el año 2015 y el año 2018, en un rango de 1.500 anuales.",
174,2016,junio,Seguridad Ciudadana,Aumentaremos la dotación de la Policía de Investigaciones en 1.200 nuevos funcionarios.,100%,4,,9373-25,"Aumenta dotación de personal de Policía de Investigaciones de Chile; modifica estatuto de su personal y modifica el decreto ley N° 2.460, de 1979, Ley Orgánica de la Policía de Investigaciones. ",http://congresoabierto.cl/proyectos/9373-25,,,,,,,,1,,1,,,,0,,,,1,4,El proyecto incrementa la dotación de la PDI en un poco más de 1.200 funcionarios,
175,2016,julio,Seguridad Ciudadana,"Estableceremos el carácter público del provisionamiento de programas de reinserción y rehabilitación en las cárceles, ya sea que se trata de un establecimiento de administración directa (pública) o concesionado.",0%,1,,,,,,,,,,,,,,0,,,,0,,,,,1,,
176,2016,agosto,Seguridad Ciudadana,"A partir de la división del actual Servicio Nacional de Menores (SENAME), crearemos el Servicio Nacional de Reinserción Social de Adolescentes, entidad pública especializada y altamente calificado que asuma responsabilidad directa, en coordinación con las demás agencias del Estado, por el proceso de reinserción social de cada adolescente infractor. Respecto la otra función de SENAME, la protección de menores en situación irregular, quedará radicada en el Servicio Nacional de Protección de Menores, dependiente del Ministerio de Desarrollo Social.",0%,1,,,,,,,,,,,,,,0,,,,0,,,,,1,,
177,2016,septiembre,Seguridad Ciudadana,"Reformaremos las sanciones alternativas a la cárcel y las medidas alternativas al proceso, asegurando su cumplimiento efectivo e idoneidad.",70%,2,,9885-07,"Facilita la aplicación efectiva de las penas establecidas para los delitos de robo, hurto y receptación y mejora la persecución penal en dichos delitos. ",http://congresoabierto.cl/proyectos/9885-07,,,,1,,,,,,"0,7",1,20,11,32,,1,,,2,"El proyecto modifica las normas relativas a las sanciones mixtas con el objeto de restringir su campo de acción para el caso de délitos de alto impacto social, tales como robos, homicidios, delitos financieros y de trafico de estupefacientes, sin embargo no trata las reforma de las sanciones ni las medidas alternativas al proceso. Tampoco se refiere a la la efectividad de las mismas.",
178,2016,octubre,Trabajo y Prevision social,Impulsaremos reformas para favorecer el financiamiento de las MYPE. La actual legislación bancaria plantea restricciones de capital demasiado elevadas para que surjan bancos de nicho que puedan focalizar su acción en las empresas más pequeñas.,100%,4,,9520-05,"Faculta al Ministro de Hacienda, para realizar aporte extraordinario de capital, al Banco Estado de Chile y, amplía el Fondo de Garantía para Pequeños Empresarios.",http://congresoabierto.cl/proyectos/9520-05,,,,,,,,1,,1,,2,,2,,,,1,4,"El proyecto propone una capitalización al Banco Estado con el objeto de expandir de manera significativa los créditos, ampliar la capacidad operativa del FOGAPE (Fondo de Garantía para Pequeños Empresarios) y una ampliación transitoria de la cobertura del FOGAPE.",
179,2016,noviembre,Trabajo y Prevision social,"Adicionalmente, crearemos una unidad especializada en la Subsecretaría de Economía, cuyo propósito será la vigilancia de los abusos en contra de las empresas de menor tamaño e impulsar, a través de un amplio proceso participativo, un exhaustivo proceso de revisión y ajuste de la normativa que afecta el desempeño de las empresas de menor tamaño.",0%,1,,,,,,,,,,,,,,0,,,,0,,,,,1,,
180,2016,diciembre,Trabajo y Prevision social,"Eliminaremos las diversas formas de discriminación que afectan la constitución y el funcionamiento de las cooperativas, las cuales hoy agrupan a más de un millón de chilenas y chilenos.",100%,4,,8132-26,"Modifica el Decreto con Fuerza de Ley N° 5, de 2003, del Ministerio de Economía, Fomento y Reconstrucción, que fija el texto refundido, coordinado y sistematizado de la Ley General de Cooperativas.",,,,,,,,,1,,1,11,,,11,,,,1,4,"Se propone, entre otras medidas, flexibilizar los requisitos necesarios para la constitución de las cooperativas y fortalecer su capacidad de gestión preservando su carácter participativo.",
181,2016,enero,Trabajo y Prevision social,Debemos fortalecer los sindicatos y realizar un conjunto de modificaciones a la negociación colectiva que permita ampliar la cobertura de trabajadores que pueden ejercer este derecho.,70%,4,,9835-13,"Moderniza el sistema de relaciones labores, introduciendo  modificaciones  al Código del Trabajo. ",http://congresoabierto.cl/proyectos/9835-13,,,,1,,,,,,"0,7",9,4,,13,,,,1,4,"El proyecto realiza diversas modificaciones tales como: ampliación de la cobertura de la negociación colectiva a trabajadores que hoy están excluidos de ejercer este derecho, simplificación del procedimiento de negociación colectiva reglada, ampliación de materias de la negociación colectiva, equilibrio de las partes en el proceso negociador en relación al derecho a huelga, entre otras.",
182,2016,febrero,Trabajo y Prevision social,"Como primer paso terminaremos a la brevedad con el uso artificioso del multirut o razones sociales para efectos laborales, lo que se ha traducido en limitaciones al ejercicio de derechos laborales básicos de los trabajadores como los de sindicalización y de negociación colectiva. Enviaremos una indicación al actual proyecto que se encuentra en el Congreso.",100%,4,,4456-13,Establece un nuevo concepto de empresa,http://congresoabierto.cl/proyectos/4456-13,,,,,,,,1,,1,,3,,3,,,,1,4,El proyecto regula el multirut de las empresas,
183,2016,marzo,Trabajo y Prevision social,"Modernizaremos nuestra ley laboral para permitir la ampliación de las materias que se puedan acordar en una negociación colectiva con el empleador, cuando esto sea por acuerdo de las partes, teniendo los resguardos para asegurar la representatividad de los sindicatos.",0%,1,,,,,,,,,,,,,,0,,,,0,,,,,1,,
184,2016,abril,Trabajo y Prevision social,"Respecto a las condiciones laborales de los trabajadores de casa particular, que es un grupo especialmente desprotegido y de bajos ingresos, avanzaremos en la ratificación de los compromisos internacionales sobre trabajo decente para trabajadores y trabajadoras domésticas y así otorgar valor y dignidad a la importante función que cumplen estas personas en nuestra sociedad.",100%,4,,9560-10,"Acuerdo que aprueba el Convenio 189, Sobre el Trabajo Decente para las Trabajadoras y los Trabajadores Domésticos, adoptado por la Organización Internacional del Trabajo, el 16 de junio de 2011",http://congresoabierto.cl/proyectos/9560-10,,,,,,,,1,,1,2,1,,3,,,,1,4,"El proyecto propone la aprobación del Convenio 189, Sobre el Trabajo Decente para las Trabajadoras y los Trabajadores Domésticos, de la OIT.",
185,2016,mayo,Trabajo y Prevision social,"Impulsaremos el rediseño institucional y modernización de la Dirección del Trabajo, dotándola de mayores atribuciones, mejorando sus capacidades técnicas e identificando funciones claves en su organización interna, potenciando la especialización en temas de género.",0%,1,,,,,,,,,,,,,,0,,,,0,,,,,1,,
186,2016,junio,Trabajo y Prevision social,"En nuestro país el peso del cuidado de los hijos cuyos padres trabajan recae sólo en las mujeres. Para evitar esta discriminación negativa eliminaremos el artículo 203 del Código del Trabajo que impone tener una sala cuna en las empresas con 20 ó más mujeres. Para cubrir los costos de las salas cunas, crearemos un fondo solidario - constituido con aportes de trabajadores, empleadores y del Estado- que financiará un sistema universal de cuidado infantil y estimulación temprana para todos los hijos e hijas de trabajadores y trabajadoras.",0%,1,,,,,,,,,,,,,,0,,,,0,,,,,1,,
187,2016,julio,Trabajo y Prevision social,"Para enfrentar el conjunto de programas y desafíos descritos se requiere implementar un importante proceso de modernización y fortalecimiento del SENCE. Separaremos las funciones de fiscalización, de administración y de los recursos asignados a la capacitación laboral.",0%,1,,,,,,,,,,,,,,0,,,,0,,,,,1,,
188,2016,agosto,Trabajo y Prevision social,Impulsaremos un conjunto de perfeccionamientos al Seguro de Cesantía,100%,4,,9126-13,Modifica el Seguro de Cesantía de la ley N° 19.728.,,,,,,,,,1,,1,,2,,2,,,,1,4,Ver ley 20.829: http://www.leychile.cl/Navegar?idLey=20829&tipoVersion=0,
189,2016,septiembre,Transporte y Telecomunicaciones,"Por otro lado, en cuanto a la gestión de los sistemas de transporte en las ciudades, crearemos la Autoridad Metropolitana de Transportes para cada área metropolitana.",0%,1,,,,,,,,,,,,,,0,,,,0,,,,,1,,
190,2016,octubre,Transporte y Telecomunicaciones,"Reforzaremos las facultades de los organismos fiscalizadores, aumentando el personal destinado a estas labores y estudiaremos modificaciones de ley para endurecer las multas y simplificar el proceso de cargos ante un deficiente servicio. Impondremos estándares internacionales que permitan implementar normativas técnicas a los servicios de telecomunicaciones, acordes con nuestro grado de desarrollo.",0%,1,,,,,,,,,,,,,,0,,,,0,,,,,1,,
191,2016,noviembre,Transporte y Telecomunicaciones,"Para el acceso a Internet y a banda ancha estableceremos una normativa que permita un amplio acceso de la población, con obligaciones expresas para las empresas, entre otras, de servicio en su zona de concesión, atención de usuarios y cumplimiento de normativas técnicas.",0%,1,,,,,,,,,,,,,,0,,,,0,,,,,1,,
192,2016,diciembre,Transporte y Telecomunicaciones,"En materia de competencia en la industria de las telecomunicaciones, modificaremos el régimen tarifario vigente, concentrado exclusivamente en los servicios públicos de telefonía para que, con previo pronunciamiento del Tribunal de Defensa de la Libre Competencia, se puedan fijar otras tarifas destinadas a público final o a otros proveedores de telecomunicaciones, entre ellas las de acceso a internet. Estableceremos un organismo independiente y colegiado que resuelva divergencias que se presenten entre las partes en el proceso de fijación de tarifas.",0%,1,,,,,,,,,,,,,,0,,,,0,,,,,1,,
193,2016,enero,Transporte y Telecomunicaciones,"Adicionalmente, modificaremos el régimen de concesiones para que se pueda prestar múltiples servicios a través de una misma red.",40%,4,,9541-15,"Modifica la ley N° 18.168, General de Telecomunicaciones, en materia de concesiones sobre el espectro radioeléctrico, permitiendo el desarrollo de un mercado secundario ",http://congresoabierto.cl/proyectos/9541-15,1,,,,,,,,,"0,4",5,,,5,,,,1,4,"El proyecto busca permitir que el espectro radioeléctrico que se encuentre subutilizado, pueda ser ofrecido a demás concesionarias o empresas que requieran aumentar su capacidad espectral, durante la vigencia de las autorizaciones dadas previamente por el Estado, para  extender la cobertura geográfica de los servicios y mejorar la calidad de los mismos.",
194,2016,febrero,Vivienda y Urbanismo,"Para proyectos inmobiliarios y de infraestructura de escala mayor estableceremos las normas y procedimientos para que estén obligados a resolver su impacto urbano y no solo su impacto vial, como hoy.",0%,1,,,,,,,,,,,,,,0,,,,0,,,,,1,,
195,2016,marzo,Vivienda y Urbanismo,"Cabe también plantearnos el desafío de generar nuevos programas habitacionales y de subsidios destinados a atender requerimientos de la ciudadanía que hoy no tienen respuesta o ayuda del Estado, en especial, para aquellos que ya tienen casa, pero que sus condiciones de vida están afectadas gravemente por el deterioro de sus viviendas y barrios y, para los que están en condiciones de ruralidad, revisando la normativa sanitaria, que impide su materialización.",0%,1,,,,,,,,,,,,,,0,,,,0,,,,,1,,
196,2016,abril,Vivienda y Urbanismo,"Además, crearemos un nuevo subsidio destinado a mejorar espacios comunes o hacer reparaciones en viviendas de sectores medios.",0%,1,,,,,,,,,,,,,,0,,,,0,,,,,1,,
197,2016,mayo,Vivienda y Urbanismo,"Como una medida de protección a la clase media y sectores vulnerables, estableceremos una normativa que obligue a las empresas constructoras, a entregar a cada condominio el conjunto de especificaciones técnicas, los planos, el listado de proveedores y los subcontratistas de especialidades del inmueble vendido.",0%,1,,,,,,,,,,,,,,0,,,,0,,,,,1,,
198,2016,junio,Vivienda y Urbanismo,"La Comisión Interministerial de Ciudad, Vivienda y Territorio elaborará una política de suelo con medidas legales, reglamentarias y de gestión que permitan garantizar que el Estado acceda a suelos públicos y privados de calidad, integrados socialmente con la ciudad y que permitan desarrollar en ellos distintas intervenciones urbanas y habitacionales.",100%,2,,9845-14,"Establece una disposición interpretativa del inciso primero del artículo 10 de la ley N° 19.537, en materia de espacios que sean bienes nacionales de uso público y los de dominio comunitario en el régimen de copropiedad inmobiliaria.",http://congresoabierto.cl/proyectos/9845-14,,,,,,,,1,,1,,,,0,,1,,,2,"Se busca establecer de modo expreso la interpretación de una norma sobre Copropiedad Inmobiliaria en el sentido que los espacios públicos que se incorporarán al dominio nacional de uso público serán solo aquellos que estuvieren considerados en el respectivo plan regulador. No obstante, no contiene la política de suelos íntegra.",
199,2016,julio,Vivienda y Urbanismo,"El Ministerio de Bienes Nacionales contará con nuevas competencias, recursos e instrumentos legales que le permitirán proveer de terrenos para proyectos de los distintos ministerios.",0%,1,,,,,,,,,,,,,,0,,,,0,,,,,1,,
210,2016,agosto,,,29%,2,,,,,,,,,,,,,,,,,,,,,,,,,