uid,area,titulo,promesa,cumplimiento_total,coherencia_total,"Modificación Proxima
",,,boletin,titulo_proyecto,link,1° trámite,veto,insistencia,2°-3° trámite,comision_mixta,tribunal_constitucional,aprobacion_presidencial,promulgado,rechazado/retirado,nombre_avance,avance,marginal,parcial_minima,parcial_alta,total,coherencia,justificacion_avance,justificacion_nota,simple,suma,inmediata,total_urgencias,ja_porque,jn_porque
1,Agricultura,Crea el Sistema Nacional de Inocuidad y Calidad Alimentaria y la Agencia Chilena para la Inocuidad y Calidad Alimentaria,Enviaremos el Proyecto de Ley que crea el Sistema Nacional de Inocuidad y Calidad Alimentaria y la Agencia Chilena para la Inocuidad y Calidad Alimentaria,0%,1,,,,,,,,,,,,,,,,,0,,,,,1,,,,,,0,No se conocen proyectos de ley asociados a esta promesa,No se conocen proyectos de ley asociados a esta promesa
2,Ciencia y Tecnología,Crea Ministerio de  la Ciencia y Tecnología,Estamos elaborando junto a la Comisión Asesora Presidencial una propuesta para crear un Ministerio de la Ciencia y Tecnología,0%,1,,,,,,,,,,,,,,,,,0,,,,,1,,,,,,0,No se conocen proyectos de ley asociados a esta promesa,No se conocen proyectos de ley asociados a esta promesa
3,Cultura,"Indicación sustitutiva al nuevo Ministerio de las Culturas, las Artes y el Patrimonio","Estamos enviando una indicación sustitutiva al proyecto del nuevo Ministerio de las Culturas, las Artes y el Patrimonio. Este proyecto será enviado a este Congreso Nacional durante el segundo semestre",40%,4,,,,8938-24,Crea el Ministerio de la cultura,https://www.camara.cl/pley/pley_detalle.aspx?prmID=9344&prmBoletin=8938-24,1,,,,,,,,,Primer Tramite,"0,4",,,,1,4,"El proyecto de ley crea el Ministerio de las Culturas, las Artes y el Patrimonio. Se dispone que el Ministerio, actúe como órgano rector velando por la coordinación, consistencia y coherencia de las políticas, planes y programas en materia cultural y patrimonial, propendiendo a su incorporación en forma transversal en la actuación del Estado.  Se contemplan funciones y atribuciones relativas a  creación artística y cultural; a las industrias y economía creativa; al patrimonio cultural; a las culturas y patrimonio de los pueblos originarios;  a las manifestaciones comunitarias y populares de las culturas;  a las expresiones y manifestaciones culturales de las comunidades afrodescendientes,",,,1,,1,El proyecto de ley asociado se encuentra en primer trámite constitucional,El proyecto de ley es totalmente coherente con la promesa realizada
4,Cultura,Crea nuevo canal de televisión cultural y educativo,"Crearemos un nuevo canal de televisión cultural y educativo de recepción libre, gratuita y sin publicidad.",0%,1,,,,,,,,,,,,,,,,,0,,,,,1,,,,,,0,No se conocen proyectos de ley asociados a esta promesa,No se conocen proyectos de ley asociados a esta promesa
5,Democracia,Regula financiamiento de las campañas y de los partidos,"Estoy hablando de proyectos para perfeccionar la democracia, como el que hemos enviado en diciembre de 2014 a este Congreso y que regula el financiamiento de las campañas y de los partidos, estableciendo recursos públicos y equitativos para ello, eliminando las contribuciones de las empresas y limitando el aporte reservado de los privados",100%,3,,,,9790-07,Transparencia y fortalecimiento de la democracia,https://www.camara.cl/pley/pley_detalle.aspx?prmID=10201&prmBoletin=9790-07,,,,,,,,1,,Promulgado,1,,,1,,3,"El proyecto hace entrega de aportes trimestrales a los partidos políticos constituidos conforme a la ley, pero buena parte de los recursos es sólo para aquellos que  cuenten con representación parlamentaria. Prohíbe que estos, además, reciban aportes de campañas electorales, por parte de personas jurídicas exceptuando los partidos políticos y el Fisco. Respecto del aporte reservado, se autorizan aportes a campañas con reserva de identidad hasta cierto monto.",,2,11,4,17,El proyecto de ley asociado se encuentra despachado y es Ley de la República,El proyecto de ley es parcialmente coherente con la promesa realizada
6,Democracia,Sanciona el incumplimiento a la normativa de financiamiento electoral,"Y estoy hablando de sanciones muy severas para quienes no cumplan esta normativa (financiamiento electoral), que contemplen incluso la pérdida del cargo",100%,3,,,,10000-07,"Establece la Cesación en los cargos de parlamentario, alcalde, consejeros regionales y concejales por infracción a las normas de transparencia, control y límites del gasto electoral.",https://www.camara.cl/pley/pley_detalle.aspx?prmID=10420&prmBoletin=10000-07,,,,,,,,1,,Promulgado,1,,,1,,3,"El proyecto de ley, en su único artículo modifica la constitución política para permitir el cese del cargo a las autoridades que hayan infligido las normas que regulan el  financiamiento electoral. Se consideran senadores, diputados, alcaldes, concejales y cores, pero no a la presidencia, máxima autoridad democrática.",,,4,3,7,"La promesa cuenta con 2 proyectos de ley asociados en distintos trámites constitucionales, el avance total de la promesa es el promedio del avance de esos proyectos ",La promesa cuenta con 2 proyectos de ley asociados. La coherencia total de esta promesa corresponde a el promedio de las coherencias de esos proyectos
6,Democracia,Sanciona el incumplimiento a la normativa de financiamiento electoral,,100%,3,,,,9790-07,Transparencia y fortalecimiento de la democracia,https://www.camara.cl/pley/pley_detalle.aspx?prmID=10201&prmBoletin=9790-07,,,,,,,,1,,Promulgado,1,,,1,,3,El proyecto de ley define las infracciones graves que conllevan la pérdida del cargo de las autoridades electas que hayan incurrido en ellas.,,2,11,4,17,"La promesa cuenta con 2 proyectos de ley asociados en distintos trámites constitucionales, el avance total de la promesa es el promedio del avance de esos proyectos ",La promesa cuenta con 2 proyectos de ley asociados. La coherencia total de esta promesa corresponde a el promedio de las coherencias de esos proyectos
7,Democracia,Reforma al SERVEL dándole autonomía del poder ejecutivo,"Para fiscalizar bien esta ley firmé hace pocos días el proyecto de reforma constitucional que dará autonomía al Servel, con lo cual pasará a ser independiente del poder ejecutivo",100%,4,,,,10055-07,Reforma constitucional que otorga autonomía constitucional al Servicio Electoral.,https://www.camara.cl/pley/pley_detalle.aspx?prmID=10478&prmBoletin=10055-07,,,,,,,,1,,Promulgado,1,,,,1,4,20 de octubre de 2015 se promulgó ley que otorga autonomía constitucional al Servicio Electoral. http://www.leychile.cl/Navegar?idLey=20860&tipoVersion=0,,,2,3,5,El proyecto de ley asociado se encuentra despachado y es Ley de la República,El proyecto de ley es totalmente coherente con la promesa realizada
8,Democracia,Permite elección directa y democrática de Intendentes,"Enviamos un proyecto de reforma constitucional, que permite la elección directa y democrática de los Intendentes",40%,4,,,,9834-06,Dispone la elección popular del órgano ejecutivo del gobierno regional.,https://www.camara.cl/pley/pley_detalle.aspx?prmID=10247&prmBoletin=9834-06,1,,,,,,,,,Primer Tramite,"0,4",,,,1,4,"Se dispone la elección de intendentes, en tanto jefe del gobierno regional, por sufragio universal en votación directa. 
Para ser elegido intendente se requerirá la mayoría absoluta de los sufragios válidamente emitidos, por lo cual se contempla la posibilidad de que haya una segunda vuelta entre los dos candidatos más votados.
Los mandatos durarán cuatro años, pudiendo postular sólo a la reelección inmediata. Los intendentes tendrán facultades a nivel de inversión pública, ordenamiento territorial, presidirán los nuevos Consejos de Áreas Metropolitanas, entre otras.",,6,,,6,El proyecto de ley asociado se encuentra en primer trámite constitucional,El proyecto de ley es totalmente coherente con la promesa realizada
9,Desarrollo social,Crea Subsecretaría de la Discapacidad,Enviaremos a este Congreso Nacional el proyecto de ley que crea la Subsecretaría de la Discapacidad,0%,1,,,,,,,,,,,,,,,,,0,,,,,1,"No se encontraron iniciativas al respecto. Desde el Ministerio de Desarrollo Social nos señalaron lo siguiente: ""La iniciativa debiera ser ingresada en el transcurso de este periodo presidencial.""",,,,,0,No se conocen proyectos de ley asociados a esta promesa,No se conocen proyectos de ley asociados a esta promesa
10,Economía y Comercio,Adapta Ley General de Bancos a estándares internacionales,Enviaremos el segundo semestre a este Congreso un proyecto de ley para adaptar la Ley General de Bancos a estándares internacionales,0%,1,,,,,,,,,,,,,,,,,0,,,,,1,"No se encontraron iniciativas. Desde el Ministerio de Hacienda señalaron lo siguiente al respecto: ""En diciembre de 2015 Hacienda recibió el informe elaborado por el grupo público-privado convocado para robustecer técnicamente la elaboración del proyecto de ley que reformará la Ley General de Bancos. Los equipos técnicos del Ministerio de Hacienda trabajan en la elaboración de un proyecto de ley que debiera ingresar al parlamento durante el primer semestre de 2016.""",,,,,0,No se conocen proyectos de ley asociados a esta promesa,No se conocen proyectos de ley asociados a esta promesa
11,Economía y Comercio,Fortalece libre competencia en los mercados,En marzo pasado ingresamos el proyecto de ley que fortalece la libre competencia en los mercados,70%,4,,,,9950-03,"Proyecto que modifica el Decreto con Fuerza de Ley (DFL) N° 1, de 2004, del Ministerio de Economía, Fomento y Reconstrucción que a su vez fija el texto refundido, coordinado y sistematizado del decreto ley N° 211, de 1973, que fija normas para la defensa de la libre competencia",https://www.camara.cl/pley/pley_detalle.aspx?prmID=10362&prmBoletin=9950-03,,,,1,,,,,,Segundo Tramite,"0,7",,,,1,4,"Se establecen sanciones de multas en proporción al beneficio obtenido. Crea normas para el control preventivo de ciertas operaciones de fusión y concentración fortaleciendo a la FNE al respecto. Además, modifica el Código Penal introduciendo la pena de cárcel contra quienes se coluden. Sanciona ""carteles duros"" sin necesidad de que efectivamente genere un poder de mercado y que este sea utilizado abusivamente. También se establecen procedimientos para compensar civil y colectivamente a los consumidores afectados por infracciones a las normas de libre competencia. Se establece la dedicación exclusiva de los ministros del TDLC.",,2,19,8,29,El proyecto de ley asociado se encuentra en segundo trámite constitucional,El proyecto de ley es totalmente coherente con la promesa realizada
12,Economía y Comercio,Fortalece Superintendencia de Valores y Seguros,Y enviaremos el proyecto de ley que fortalece la Superintendencia de Valores y Seguros.,70%,4,,,,9015-05,Crea Comisión de Valores y Seguros.,https://www.camara.cl/pley/pley_detalle.aspx?prmID=9420&prmBoletin=9015-05,,,,1,,,,,,Segundo Tramite,"0,7",,,,1,4,"El proyecto de ley cambia la orientación estructural de dicha institución dejando su jefatura en un órgano colegiado, cuyos miembros son nombrados con acuerdo del senado y mediante ADP y son dedicación exclusiva. Además, le otorga patrimonio propio. La comisión puede requerir informaciones bancarias de quien lo solicite y que resulten necesarias para verificar acciones delictuales. Se le otorgan facultades  para ingresar a recintos, autorizar la interceptación de toda clase de comunicaciones, entre otras. Se extiende a sus funcionarios el beneficio de defensa legal para casos relacionados con el ejercicio de sus funciones. ",,,23,,23,El proyecto de ley asociado se encuentra en segundo trámite constitucional,El proyecto de ley es totalmente coherente con la promesa realizada
13,Economía y Comercio,Moderniza las ferias libres,Enviaremos el proyecto de ley que moderniza las ferias libres.,0%,1,,,,,,,,,,,,,,,,,0,,,,,1,"No se encontró iniciativa al respecto. Desde el Ministerio de Economía nos señalaron lo siguiente: ""El proyecto de ley se encuentra en proceso de elaboración al interior del Ejecutivo.""",,,,,0,No se conocen proyectos de ley asociados a esta promesa,No se conocen proyectos de ley asociados a esta promesa
14,Economía y Comercio,Regulariza el dominio de las caletas pesqueras,"Ingresamos ayer el proyecto de ley que regulariza el dominio de las caletas pesqueras, entregando su administración a pescadores artesanales.",70%,4,,,,10063-21,Regula el desarrollo integral y armónico de caletas pesqueras a nivel nacional y fija normas para su declaración y asignación.,https://www.camara.cl/pley/pley_detalle.aspx?prmID=10485&prmBoletin=10063-21,,,,1,,,,,,Segundo Tramite,"0,7",,,,1,4,"El proyecto de ley, en el artículo tres especifica que la administración de las caletas artesanales destinadas al servicio Nacional de Pesca y Acuicultura deben ser asignadas a las organizaciones de pescadores artesanales que estén inscritas en el registro artesanal regulado por la ley general de pesca y acuicultura. En tanto, el artículo 4 define qué actividades están permitidas como parte de la administración de dichas caletas.",,,3,,3,El proyecto de ley asociado se encuentra en segundo trámite constitucional,El proyecto de ley es totalmente coherente con la promesa realizada
15,Economía y Comercio,Bonificación al cultivo y repoblamiento de Algas,Enviamos el Proyecto de Bonificación al cultivo y repoblamiento de Algas,70%,4,,,,9151-21,Crea bonificación para el repoblamiento y cultivo de algas.,https://www.camara.cl/pley/pley_detalle.aspx?prmID=9647&prmBoletin=9151-21,,,,,1,,,,,Comisión Mixta,"0,7",,,,1,4,"El artículo 3 del proyecto estipula los objetivos del mismo; aumentar la biomasa disponible de recursos algales (...) mediante el establecimiento de un sistema de bonificación para la micro y pequeña empresa que realicen actividades de recuperación de la cobertura algal.  El proyecto considera un horizonte de implementación y desarrollo de los cultivos a 10 años plazo, con el fin de seguir en el desarrollo de los beneficiarios en el mediano plazo.",,5,15,,20,El proyecto de ley asociado se encuentra en segundo trámite constitucional,El proyecto de ley es totalmente coherente con la promesa realizada
16,Economía y Comercio,Instituto Nacional de Desarrollo Sustentable de la Pesca Artesanal y la Acuicultura de Pequeña Escala,Hemos reformulado el proyecto que crea el Instituto Nacional de Desarrollo Sustentable de la Pesca Artesanal y la Acuicultura de Pequeña Escala,70%,4,,,,9689-21,"Crea el Instituto Nacional de Desarrollo Sustentable de la Pesca Artesanal y de la Acuicultura de Pequeña Escala, INDESPA.",https://www.camara.cl/pley/pley_detalle.aspx?prmID=10103&prmBoletin=9689-21,,,,1,,,,,,Segundo Tramite,"0,7",,,,1,4,El 15 de diciembre del año 2015 ingresan indicaciones al proyecto de ley que reformulan la creación del Instituto Nacional de Desarrollo Sustentable de la Pesca Artesanal y la Acuicultura de pequeña Escala para darle presencia permanente a nivel regional a través de consejos consultivos que entregarán propuestas al Director y Consejo Directivo;  fomentar y promover el desarrollo integral en el marco de sustentabilidad de los recursos hidrobiológicos; promover la equidad de género en el proceso productivo artesanal; y con la creación del Consejo directivo de INDESPA y sus Consejos Consultivos.,,,3,,3,El proyecto de ley asociado se encuentra en segundo trámite constitucional,El proyecto de ley es totalmente coherente con la promesa realizada
17,Economía y Comercio,Fortalecimiento del SERNAC,"Y sigue su discusión en el Congreso la ley que enviamos en 2014 de fortalecimiento del Sernac. Ella aumenta las multas a los infractores y obliga a la reparación íntegra de los daños causados a los consumidores, con una institucionalidad que dé garantías a todos",70%,4,,,,9369-03,"Modifica ley N° 19.496, sobre Protección de los Derechos de los Consumidores.",https://www.camara.cl/pley/pley_detalle.aspx?prmID=9783&prmBoletin=9369-03,,,,1,,,,,,Segundo Tramite,"0,7",,,,1,4,"A lo largo del proyecto se encuentran disposiciones que aumentan considerablemente las multas que se pueden cursar y estableciendo criterios para su aplicación y gradación, especialmente para el caso de PYMES. También se incorpora la institución de la indemnización punitiva y se aumentan los plazos de prescripción. Del mismo modo redefine lo competente a la defensa de los intereses colectivos e individuales. El artículo 50 C amplía las gestiones que puede realizar el denunciante para acreditar la infracción. Del mismo modo, modifica la expresión ""el juez"" por ""el servicio o juez"" otorgándole marco de acción al servicio para tomar parte de las denuncias realizadas. Además, el artículo 50 G le otorga la capacidad al servicio de comenzar el procedimiento sancionatorio de oficio o denuncia. El proyecto amplía las facultades del SERNAC, dotándolo de facultades de fiscalización y de interpretación normativa en el ámbito de la protección de los derechos de los consumidores",,5,13,,18,El proyecto de ley asociado se encuentra en segundo trámite constitucional,El proyecto de ley es totalmente coherente con la promesa realizada
18,Educación,Servicios Locales de Educación,"Y este año enviaremos el proyecto que creará los Servicios Locales de Educación, marcando el retorno de escuelas y liceos públicos a la administración del Ministerio de Educación.",40%,4,,,,10368-04,Crea el Sistema de Educación Pública y modifica diversos cuerpos legales.,https://www.camara.cl/pley/pley_detalle.aspx?prmID=10782&prmBoletin=10368-04,1,,,,,,,,,Primer Tramite,"0,4",,,,1,4,"El proyecto de ley contempla la creación de sesenta y siete Servicios Locales de Educación Pública, descentralizados funcional y territorialmente, con personalidad jurídica y patrimonio propio, que se relacionarán con el Presidente de la República a través del Ministerio de Educación. Éstos cuentan con la participación de los diferentes actores presentes en las comunidades y serán los sostenedores de los establecimientos. Además está encargado de diferentes tareas tales como velar por un cuerpo pedagógico calificado, proveer una malla curricular, velar por acceso de sus estudiantes a recursos de aprendizaje, tecnología y bibliotecas, etc. ",,1,4,,5,El proyecto de ley asociado se encuentra en primer trámite constitucional,El proyecto de ley es totalmente coherente con la promesa realizada
19,Educación,Red de Centros de Formación Técnica públicos,"Y esperamos que se apruebe pronto la ley que enviamos y que crea una Red de Centros de Formación Técnica públicos, nacidos al alero de universidades estatales, en cada una de las regiones del país.",100%,4,,,,9766-04,Crea quince Centros de Formación Técnica estatales,https://www.camara.cl/pley/pley_detalle.aspx?prmID=10170&prmBoletin=9766-04,,,,,,,,1,,Promulgado,1,,,,1,4,Crea una red de centros de formación técnica estatales en cada una de las regiones del país.,,,19,2,21,El proyecto de ley asociado se encuentra despachado y es Ley de la República,El proyecto de ley es totalmente coherente con la promesa realizada
20,Educación,Asegura que 60% de estudiantes más vulnerables de CFT e IP acceda a gratuidad al término del periodo presidencial,"Por eso, avanzando en nuestro compromiso de alcanzar la gratuidad para el 70 por ciento de los estudiantes más vulnerables de Chile al fin de mi período, a partir de 2016 aseguraremos que el 60 por ciento más vulnerable que asista a Centros de Formación Técnica, a Institutos Profesionales acreditados y sin fines de lucro, o a universidades del Consejo de Rectores, accedan a la gratuidad completa y efectiva, sin beca ni crédito. Esto beneficiará a casi 264 mil jóvenes",100%,3,,,,10461-05,"Modifica la ley N° 20.882, de Presupuestos del sector público del año 2016",https://www.camara.cl/pley/pley_detalle.aspx?prmID=10879&prmBoletin=10461-05,,,,,,,,1,,Promulgado,1,,,1,,3,"El presupuesto aprobado contempla gratuidad para los 5 primeros deciles (50% más vulnerable, no 60%) que asistan a universidades elegibles (CRUCH que se comprometan a alcanzar, mantener o mejorar su acreditación institucional y demás privadas con 4 años de acreditación y sin fines de lucro al 27 de diciembre de 2015). Se deja fuera a la educación técnica superior.",,,,2,2,El proyecto de ley asociado se encuentra despachado y es Ley de la República,El proyecto de ley es parcialmente coherente con la promesa realizada
21,Educación,"Aborda nuevo marco de regulación, financiamiento y gratuidad de la Educación Superior","Para ello presentaremos en el segundo semestre de este año una ley que abordará un nuevo marco de regulación, financiamiento y gratuidad de la Educación Superior que definirá claramente el camino para que ningún joven tenga que pagar.",0%,1,,,,,,,,,,,,,,,,,0,,,,,1,,,,,,0,No se conocen proyectos de ley asociados a esta promesa,No se conocen proyectos de ley asociados a esta promesa
22,Educación,Establece nueva Política Nacional Docente,Y ya enviamos al Congreso el proyecto de ley que establece una nueva Política Nacional Docente. Este proyecto de ley va al corazón de la mejora de la calidad: los maestros y maestras,100%,3,,,,10008-04,Crea el Sistema de Desarrollo Profesional Docente y modifica otras normas,https://www.camara.cl/pley/pley_detalle.aspx?prmID=10422&prmBoletin=10008-04,,,,,,,,1,,Promulgado,1,,,1,,3,"Ley crea un sistema de mejoramiento de los docentes considerando distintos tramos de desarrollo profesional. Contempla procesos de inducciones en las escuelas para facilitar la incorporación de los estudiantes al cuerpo docente de los colegios. Aumentan los requisitos de ingreso a las carreras de pedagogía, que a su vez tendrán exigencias de acreditación más altas y actualizadas; refuerza la formación continua. Finalmente, otro de los cambios que establece este nuevo sistema, es el aumento paulatino de horas no lectivas, en proporciones que permitirán avanzar desde el actual 25% a un 35%,Para aquellos establecimientos en condición de alta vulnerabilidad las horas no lectivas llegarán a un 40%, sin embargo, se considera que este aumento es insuficiente y hace falta un incentivo al retiro que dé espacio a los nuevos profesores y garantizar condiciones adecuadas para el ejercicio de la docencia. Por último, no se contempla la carrera para directivos, elemento fundamental en la calidad.",,3,5,2,10,El proyecto de ley asociado se encuentra despachado y es Ley de la República,El proyecto de ley es parcialmente coherente con la promesa realizada
23,Educación,Asegura la reposición de la educación cívica y programa de formación ciudadana en el sistema escolar,Por eso hemos firmado los instructivos y los proyectos de ley para asegurar la reposición de la educación cívica y un programa de formación ciudadana en el sistema escolar,100%,4,,,,10043-04,Crea el plan de formación ciudadana para los establecimientos educacionales reconocidos por el Estado.,https://www.camara.cl/pley/pley_detalle.aspx?prmID=10465&prmBoletin=10043-04,,,,,,,,1,,Promulgado,1,,,,1,4,"Ley reincorpora la materia de educación cívica a los planes de estudio, además, ofrece a los distintos colegios y escuelas que Mineduc los apoye con un plan para la reimplementación de la materia.",,14,1,1,16,El proyecto de ley asociado se encuentra despachado y es Ley de la República,El proyecto de ley es totalmente coherente con la promesa realizada
24,Energía,Envía proyecto de ley de Eficiencia Energética,"Enviaremos en el transcurso de este año, un proyecto de ley de Eficiencia Energética. Nuestro compromiso es lograr un ahorro energético a 2025 equivalente a lo que genera una central termoeléctrica",0%,1,,,,,,,,,,,,,,,,,0,,,,,1,"No se encontraron iniciativas al respecto. Desde el Ministerio de Energía nos señalaron lo siguiente: ""Se continúa con el trabajo pre legislativo junto a la Universidad de Chile y los principales actores de cada uno de los sectores involucrados en conformidad de los desafíos que implica en el ámbito público y privado. Además, la gran cantidad de proyectos hoy en tramitación no han permitido tener el espacio necesario para tramitar la iniciativa. No obstante lo anterior, desde el punto de vista de iniciativas ejecutivas la División de Eficiencia Energética ha trabajado en medidas administrativas que permiten mejoras en el uso de la energía.""",,,,,0,No se conocen proyectos de ley asociados a esta promesa,No se conocen proyectos de ley asociados a esta promesa
25,Energía,Permite a ENAP desarrollar proyectos de generación en geotermia,"Además, enviamos al Congreso un proyecto de ley para que ENAP pueda desarrollar proyectos de generación, principalmente en geotermia, y sea un actor más relevante para el desarrollo de Chile",100%,4,,,,9628-08,"Modifica la ley N° 20.365, que Establece Franquicia Tributaria respecto de Sistemas Solares Térmicos; la ley General de Servicios Eléctricos y la ley que Crea la ENAP.",https://www.camara.cl/pley/pley_detalle.aspx?prmID=10047&prmBoletin=9628-08,,,,,,,,1,,Promulgado,1,,,,1,4,Ley 20.897 promulgada en febrero de 2016 autoriza a ENAP a desarrollar todas las actividades industriales y comerciales que tengan relación con la exploración y la explotación de energía geotérmica y de otras fuentes energéticas. http://www.leychile.cl/Navegar?idLey=20897&tipoVersion=0,,3,10,,13,El proyecto de ley asociado se encuentra despachado y es Ley de la República,El proyecto de ley es totalmente coherente con la promesa realizada
26,Energía,Se encarga de las diferencias en tárifas electricas de los clientes residenciales,Enviaremos un proyecto de ley que se hará cargo de las diferencias en tarifas eléctricas de los clientes residenciales para que nadie pague más de un diez por ciento del promedio de las cuentas a nivel nacional,70%,4,,,,10161-08,"Modifica la Ley General de Servicios Eléctricos, para introducir mecanismos de equidad en las tarifas eléctricas.",https://www.camara.cl/pley/pley_detalle.aspx?prmID=10584&prmBoletin=10161-08,,,,1,,,,,,Segundo Tramite,"0,7",,,,1,4,"El Proyecto de ley contempla que en el conjunto de los sistemas eléctricos con capacidad instalada superior a 1.500 kilowatts, las tarifas máximas que las empresas distribuidoras podrán cobrar por suministro a usuarios residenciales no podrán superar el promedio simple de éstas, calculadas sobre la base de un consumo tipo, incrementado en un 10% del mismo, considerando una muestra representativa. ",,2,13,,15,El proyecto de ley asociado se encuentra en segundo trámite constitucional,El proyecto de ley es totalmente coherente con la promesa realizada
27,Energía,Incorpora un reconocimiento a todas las comunas que aportan a la generación de energía,"Y en junio próximo, enviaremos un proyecto de ley para incorporar un reconocimiento a todas las comunas que aportan de manera relevante a la generación de energía de la que nos beneficiamos todos los chilenos y chilenas",70%,4,,,,10161-08,"Modifica la Ley General de Servicios Eléctricos, para introducir mecanismos de equidad en las tarifas eléctricas.",https://www.camara.cl/pley/pley_detalle.aspx?prmID=10584&prmBoletin=10161-08,,,,1,,,,,,Segundo Tramite,"0,7",,,,1,4,"El proyecto de ley establece el reconocimiento de las zonas intensas en generación de energía proponiendo una disminución del porcentaje de la energía que se cobra reconociendo a las comuna que tienen centrales de generación eléctrica, tanto en relación a la población como a la inyección de energía en el sistema. Se financian con las comunas que no tienen proyectos de generación.",,2,13,,15,El proyecto de ley asociado se encuentra en segundo trámite constitucional,El proyecto de ley es totalmente coherente con la promesa realizada
28,Equidad de Género,Interrupción de embarazo tres causales,Enviar al Parlamento un proyecto de ley que establece la posibilidad de interrumpir el embarazo en tres casos especialmente delicados,70%,4,,,,9895-11,Regula la despenalización de la interrupción voluntaria del embarazo en tres causales,https://www.camara.cl/pley/pley_detalle.aspx?prmID=10315&prmBoletin=9895-11,,,,1,,,,,,Segundo Tramite,"0,7",,,,1,4,"El proyecto de ley establece la despenalización de la interrupción voluntaria del embarazo si una mujer por propia voluntad apela a una de tres causales: si su vida se ve en peligro por causa del embarazo, si el embrión o feto presentan una malformación estructural congénita o genética incompatible con la vida extrauterina, o si el embarazo es producto de una violación. La operatividad o ejercicio efectivo de los derechos se resguarda con: (1) resguardando la voluntad de la mujer y regulando la forma en que debe manifestarse; (2) regulando un procedimiento para constatar la concurrencia de alguna de las tres causales; (3) regulando la objeción de conciencia y la obligación que el ejercicio de la misma no impida que una mujer pueda interrumpir el embarazo en caso que esa sea su voluntad; (4) regulando un sistema de acompañamiento; (5)  abreviando los plazos que conforman en procedimiento de reclamo en la ley N° 20.584 en el caso que el acompañamiento no sea provisto según los términos en que lo regula el proyecto de ley.",,9,1,,10,El proyecto de ley asociado se encuentra en segundo trámite constitucional,El proyecto de ley es totalmente coherente con la promesa realizada
29,Estado,Ley de financiamiento y responsabilidad fiscal regional,Enviaremos en junio próximo un proyecto de ley de financiamiento y responsabilidad fiscal regional.,0%,1,,,,,,,,,,,,,,,,,0,,,,,1,"No se encontró iniciativa vigente al respecto. Desde el Ministerio del Interior nos señalaron los siguiente al respecto: ""El Proyecto de Ley se encuentra en elaboración y será remitido al Parlamento el primer semestre de 2016.""",,,,,0,No se conocen proyectos de ley asociados a esta promesa,No se conocen proyectos de ley asociados a esta promesa
30,Estado,Fortalecimiento de Alta Dirección Pública,"Fortaleceremos el Sistema de Alta Dirección Pública, para asegurar que al Estado se acceda por méritos y de manera abierta",70%,4,,,,10164-05,Perfecciona el sistema de Alta Dirección Pública y fortalece la Dirección Nacional del Registro Civil,https://www.camara.cl/pley/pley_detalle.aspx?prmID=10583&prmBoletin=10164-05,,,,1,,,,,,Segundo Tramite,"0,7",,,,1,4,"Robustecen el Sistema de Alta Dirección Pública fortaleciendo el papel del Consejo, abriendo más cupos para elección, se incentiva postulación, se fortalecen las remuneraciones, se eliminan los funcionarios transitorios y provisionales. También contempla ampliación del sistema ADP, para sumar 1.046 cargos adscritos y 125 servicios afectos. Se limitan los cargos que pueden ser elegidos directamente por la autoridad política y se incorporan más servicios al sistema. Además, se limitan los concursos de cargos vacantes en los últimos 8 meses de gobierno a aquellos que tengan la aprobación del Consejo de Alta Dirección Pública.",,4,5,1,10,El proyecto de ley asociado se encuentra en segundo trámite constitucional,El proyecto de ley es totalmente coherente con la promesa realizada
31,Estado,Mayores competencias Gobiernos Regionales,Mandamos las indicaciones para poder hacer efectivo traspaso de competencias desde el gobierno central a los Gobiernos Regionales,70%,3,,,,7963-06,Proyecto de ley que Profundiza la Regionalización del País,https://www.camara.cl/pley/pley_detalle.aspx?prmID=8381&prmBoletin=7963-06,,,,1,,,,,,Segundo Tramite,"0,7",,,1,,3,"La transferencia podrá ser planteada por el nivel central al regional o viceversa. El procedimiento de transferencia de funciones y atribuciones es de carácter administrativo y permite que una o más competencias dejen de ser ejercidas por un ministerio o servicio público, para ser desempeñadas por uno o más gobiernos regionales, sin necesidad de modificaciones orgánicas. Sin embargo, todavía responde a una lógica de excesivo control desde el nivel central, el que no se caracteriza por adoptar decisiones oportunas y pertinentes para realidades territoriales y sociales muy diversas de las  comunas y regiones. Esto se refleja en que porque la instancia facultada para dirimir conflictos en el traspaso de competencias (""Comisión"" según el proyecto de ley) está conformada por personas provenientes mayoritariamente del gobierno central, lo que puede sesgar su objetividad y su convicción descentralizadora",,1,1,,2,El proyecto de ley asociado se encuentra en segundo trámite constitucional,El proyecto de ley es parcialmente coherente con la promesa realizada
32,Estado,Proyecto de ley de Fortalecimiento Municipal,"Enviamos el proyecto de ley de fortalecimiento municipal, el cual permitirá mejorar la eficiencia de los municipios y hacer más transparente su gestión.",90%,3,,,,10057-06,Modifica disposiciones aplicables a los funcionarios municipales y entrega nuevas competencias a la Subsecretaría de Desarrollo Regional y Administrativo.,https://www.camara.cl/pley/pley_detalle.aspx?prmID=10479&prmBoletin=10057-06},,,,,,1,,,,Tribunal Constitucional,"0,9",,,1,,3,"El proyecto se enfoca en el fortalecimiento de las municipales aumentando las plantas con más profesionales, brindándole más fondos y capacidad para contratar y mejorar las condiciones laborales del personal, así como la composición y distribución del mismo, pese a lo anterior, las medidas que se contemplan para fortalecer la transparencia de los municipios, como la de informar respecto de ciertas materias a la Subdere y al Concejo, como en lo relativo a la política de Recursos Humanos, parecen insuficientes aún al no considerar aspectos de licitaciones, compras públicas, indicadores de desempeño y gestión financiera.",,,14,3,17,El proyecto de ley se encuentra en proceso de ser promulgado,El proyecto de ley es parcialmente coherente con la promesa realizada
33,Estado,Reforma ONEMI y creación de Servicio de Gestión de Riesgos y Emergencias,"Por eso, ya presentamos en diciembre del año pasado una indicación al proyecto de ley que reforma la ONEMI y crea un nuevo Servicio de Gestión de Riesgos y Emergencias. Y porque debemos avanzar rápido, he renovado la urgencia a la tramitación de esta ley",70%,4,,,,"7550-06
",Establece el Sistema Nacional de Emergencia y Protección Civil y crea la Agencia Nacional de Protección Civil.,https://www.camara.cl/pley/pley_detalle.aspx?prmID=7940&prmBoletin=7550-06,,,,1,,,,,,Segundo Tramite,"0,7",,,,1,4,"Indicación ingresada crea un nuevo Sistema Nacional de Gestión de Riesgos y Emergencias, el cual considera un Comité de Ministros, una Comisión Consultiva y un nuevo Servicio Nacional de Gestión de Riesgos y Emergencias. Este servicio tiene como función, entre otras, coordinar técnicamente y ejecutar, en lo pertinente, las políticas, planes, programas, proyectos y procedimientos nacionales de Gestión de Riesgos y Emergencias; Coordinar y ejecutar en lo pertinente las acciones que las entidades públicas y privadas emprendan en materia de gestión de riesgos y emergencias; Declarar y difundir alertas de emergencia. Se contemplan estructuras permanentes a distintos niveles regionales para enfrentar de forma flexible las distintas etapas de las emergencias.",,5,12,3,20,El proyecto de ley asociado se encuentra en segundo trámite constitucional,El proyecto de ley es totalmente coherente con la promesa realizada
34,Infancia y Juventud,"Elaboración de Política Nacional de Niñez y Adolescencia y Ley de Garantía de los Derechos de los Niños, Niñas y Adolescentes","El Consejo Nacional de la Infancia que hemos constituido, está elaborando la Política Nacional de Niñez y Adolescencia, y el Proyecto de Ley de Garantía de los Derechos de los Niños, Niñas y Adolescentes que será enviado a este Congreso durante este año.",40%,4,,,,10315-18,Sistema de garantías de los derechos de la niñez,https://www.camara.cl/pley/pley_detalle.aspx?prmID=10729&prmBoletin=10315-18,1,,,,,,,,,Primer Tramite,"0,4",,,,1,4,Proyecto propone la creación de un sistema de garantía de los derechos de los niños (menores de 18 años) a través de un catálogo de garantías y una institucionalidad para ello. ,,5,2,,7,El proyecto de ley asociado se encuentra en primer trámite constitucional,El proyecto de ley es totalmente coherente con la promesa realizada
35,Justicia y DDHH,Creación de Subsecretaria de Derechos Humanos,Esperamos que este año se apruebe en la Cámara de Diputados el Proyecto de Ley que crea la Subsecretaría de Derechos Humanos,100%,4,,,,8207-07,Crea la Subsecretaría de Derechos Humanos y establece adecuaciones en la Ley Orgánica del Ministerio de Justicia.,https://www.camara.cl/pley/pley_detalle.aspx?prmID=8605&prmBoletin=8207-07,,,,,,,,1,,Promulgado,1,,,,1,4,"Proyecto presenta la creación de la Subsecretaría de Derechos Humanos, como un esfuerzo por proponer y organizar las políticas públicas en el ámbito de los DDHH. Dentro del proyecto se detalla a su vez la estructura orgánica del organismo además de un comité interministerial de DDHH. Dentro de sus facultades se contempla la generación de un Plan Nacional de DD.HH.",,,7,2,9,El proyecto de ley asociado se encuentra despachado y es Ley de la República,El proyecto de ley es totalmente coherente con la promesa realizada
36,Justicia y DDHH,Tipificación de delito de tortura ,Ingresaremos el Proyecto de Ley que tipifica el delito de tortura en conformidad a los compromisos internacionales,70%,4,,,,9589-17,"Proyecto de ley que modifica la tipificación del delito de tortura, eleva sustancialmente su penalidad y establece su imprescriptibilidad.",https://www.camara.cl/pley/pley_detalle.aspx?prmID=10009&prmBoletin=9589-17,,,,1,,,,,,Segundo Tramite,"0,7",,,,1,4,"El Proyecto es una moción apoyada por el ejecutivo (acto reflejado por la presencia de urgencias) en el cual se tipifica el delito de tortura, expande su aplicabilidad y se establece su imprescriptibilidad.",,6,3,,9,El proyecto de ley asociado se encuentra en segundo trámite constitucional,El proyecto de ley es totalmente coherente con la promesa realizada
37,Justicia y DDHH,Reforma Constitucional y creación de Fiscal Especial de Alta Complejidad,"Presentaremos además a este Congreso, un proyecto de Reforma Constitucional que crea el cargo de Fiscal Especial de Alta Complejidad en el Ministerio Público""",40%,4,,,,9608-07,Crea el cargo de Fiscal de Alta complejidad en el Ministerio Público,https://www.camara.cl/pley/pley_detalle.aspx?prmID=10022&prmBoletin=9608-07,1,,,,,,,,,Primer Tramite,"0,4",,,,1,4,Reforma constitucional que tiene como objetivo la creación de una Fiscalía de Alta Complejidad además la creación del cargo de Fiscal de Alta Complejidad. Las atribuciones del nuevo cargo se detallarán en un proyecto de ley orgánica.,,,,,0,El proyecto de ley asociado se encuentra en primer trámite constitucional,El proyecto de ley es totalmente coherente con la promesa realizada
38,Justicia y DDHH,Proyecto de ley sobre imprescriptibilidad de delitos de lesa humanidad,Impulsaremos la tramitación de los proyectos de ley que garanticen la imprescriptibilidad y el carácter no amnistiable de los delitos de lesa humanidad,40%,4,,40%,4,9748-07,"Modifica la Constitución Política de la República para establecer que los crímenes y delitos de guerra, lesa humanidad y genocidio no puedan prescribir ni ser amnistiados.",https://www.camara.cl/pley/pley_detalle.aspx?prmID=10193&prmBoletin=9748-07,1,,,,,,,,,Primer Tramite,"0,4",,,,1,4,"Reforma constitucional sobre la imprescriptibilidad  y inamnistiabilidad de los crímenes de lesa humanidad, genocidio y guerra, adoptando los lineamientos de los organismos internacionales.",,8,6,,14,"La promesa cuenta con 2 proyectos de ley asociados en distintos trámites constitucionales, el avance total de la promesa es el promedio del avance de esos proyectos ",La promesa cuenta con 2 proyectos de ley asociados. La coherencia total de esta promesa corresponde a el promedio de las coherencias de esos proyectos
38,Justicia y DDHH,,,,,,40%,4,9773-07,"Adecua la ley penal en materia de amnistía, indulto y prescripción de la acción penal y la pena a lo que dispone el derecho internacional respecto de los delitos de genocidio, de lesa humanidad o de guerra.",https://www.camara.cl/pley/pley_detalle.aspx?prmID=10192&prmBoletin=9773-07,1,,,,,,,,,Primer Tramite,"0,4",,,,1,4,"Es un proyecto de ley que tiene por objetivo dar cumplimiento a principios de derecho internacional, establecer una norma interpretativa, recoge criterios utilizados por tribunales chilenos en cuanto a la la imprescriptibilidad  y inamnistiabilidad de los crímenes de lesa humanidad, genocidio y guerra. Sin embargo, no se deroga el DL 2191, el que fue aplicado en algunos casos, los que deben ser reabiertos.",,11,2,,13,"La promesa cuenta con 2 proyectos de ley asociados en distintos trámites constitucionales, el avance total de la promesa es el promedio del avance de esos proyectos ",La promesa cuenta con 2 proyectos de ley asociados. La coherencia total de esta promesa corresponde a el promedio de las coherencias de esos proyectos
39,Justicia y DDHH,Nuevo Código Penal,"Nuevo proyecto de Código Penal para poner al día el actual, que se remonta a 1874",0%,1,,,,,,,,,,,,,,,,,0,1,,,,1,"No se encontraron iniciativas al respecto. Al respecto, desde el Ministerio de Justicia nos señalaron lo siguiente: ""Se encuentra en etapa de estudio. Se han realizado reuniones de trabajo entre Unidad de Coordinación y Estudios y la División Jurídica, más académicos asesores. 
Se han sostenido conversaciones con otros ministerios para el  trabajo intersectorial",,,,,0,No se conocen proyectos de ley asociados a esta promesa,No se conocen proyectos de ley asociados a esta promesa
40,Justicia y DDHH,Reforma Código Procesal Civil,"Retomaremos la discusión del Código Procesal Civil, buscando resguardar mejor los derechos de todos los ciudadanos",70%,3,,,,8197-07,Establece el nuevo Código Procesal Civil,https://www.camara.cl/pley/pley_detalle.aspx?prmID=8596&prmBoletin=8197-07,,,,1,,,,,,Segundo Tramite,"0,7",,,1,,3,Proyecto reemplaza el actual Código de Procedimiento Civil por el Código Procesal Civil. Su tramitación se encuentra paralizada y no se han presentado urgencias desde el año 2014.,,,,,0,El proyecto de ley asociado se encuentra en segundo trámite constitucional,El proyecto de ley es parcialmente coherente con la promesa realizada
41,Justicia y DDHH,Creación de Defensor Ciudadano,"También para asegurar la defensa de los intereses de los ciudadanos frente a posibles denegaciones de derechos por parte del Estado, crearemos el Defensor Ciudadano",0%,1,,,,,,,,,,,,,,,,,0,,,,,1,,,,,,0,No se conocen proyectos de ley asociados a esta promesa,No se conocen proyectos de ley asociados a esta promesa
42,Justicia y DDHH,Fortalecimiento de Ministerio Público,"Hemos enviado indicaciones al proyecto de ley que Fortalece el Ministerio Público, para incrementar su dotación a 577 funcionarios",100%,4,,,,8265-07,Fortalece el Ministerio Público.,https://www.camara.cl/pley/pley_detalle.aspx?prmID=8657&prmBoletin=8265-07,,,,,,,,1,,Promulgado,1,,,,1,4,"Dentro de unos de los ejes del proyecto se considera el aumento de dotación de personal en 577 funcionarios, producto de la creación y reforzamiento de deberes dentro de la institución. Además, la ley crea un sistema de Análisis Criminal y Focos Investigativos, con el objeto de robustecer la persecución penal mediante el desarrollo de estrategias que generen iniciativas para actuar sobre mercados delictivos específicos.",,,2,2,4,El proyecto de ley asociado se encuentra despachado y es Ley de la República,El proyecto de ley es totalmente coherente con la promesa realizada
43,Justicia y DDHH,Proyecto de ley de Identidad de Género,Estamos trabajando en las indicaciones al proyecto de ley de Identidad de Género,40%,3,,,,"8924-07
",Reconoce y da protección al derecho a la identidad de género,https://www.camara.cl/pley/pley_detalle.aspx?prmID=9331&prmBoletin=8924-07,1,,,,,,,,,Primer Tramite,"0,4",,,1,,3,"Se han presentado varias indicaciones en el proyecto de Ley de Identidad de Género y durante su tramitación se incluyeron a niños/as, adolescentes y migrantes a su regulación y se dio competencia a Tribunales de Familia en vez de civiles. Sin embargo, en orden a proteger los derechos de las personas transexuales, falta cambiar el trámite de judicial a administrativo, lo cual fue anunciado por Segegob pero aún no ingresado.",,4,9,,13,El proyecto de ley asociado se encuentra en primer trámite constitucional,El proyecto de ley es parcialmente coherente con la promesa realizada
44,Medio Ambiente,Creación de Servicio de Biodiversidad y Áreas Protegidas y Sistema Nacional de Áreas Protegidas,Cumplimos con presentar el proyecto de ley que creará el Servicio de Biodiversidad y Áreas Protegidas y el Sistema Nacional de Áreas Protegidas,40%,4,,,,9404-12,Crea el Servicio de Biodiversidad y Áreas Protegidas y el Sistema Nacional de Áreas Protegidas.,https://www.camara.cl/pley/pley_detalle.aspx?prmID=9819&prmBoletin=9404-12,1,,,,,,,,,Primer Tramite,"0,4",,,,1,4,"Se presentó el proyecto de creación del servicio y del Sistema que tiene por objeto la conservación de la diversidad biológica del país, a través de la preservación, restauración y uso sustentable de genes, especies y ecosistemas. Entre sus atribuciones se contempla la administración del Sistema Nacional de Áreas Protegidas (administración áreas protegidas del Estado, supervisión de las áreas protegidas privadas, aprobación e implementación de planes de manejo, etc.) y la elaboración e implementación de instrumentos de conservación fuera de las áreas protegidas, entre ellos, un sistema de información y monitoreo de la biodiversidad, instrumentos de conservación de especies, instrumentos de conservación de ecosistemas amenazados y degradados e instrumentos económicos. ",,11,,,11,El proyecto de ley asociado se encuentra en primer trámite constitucional,El proyecto de ley es totalmente coherente con la promesa realizada
45,Medio Ambiente,Protección de glaciares,"Esto incluye la protección de glaciares, y ya iniciamos la discusión de indicaciones a la moción parlamentaria que trata esta materia",40%,2,,,,9364-12,Establece ley de protección y preservación de glaciares.,https://www.camara.cl/pley/pley_detalle.aspx?prmID=9780&prmBoletin=9364-12,1,,,,,,,,,Primer Tramite,"0,4",,1,,,2,"Establece un sistema de protección de glaciares en función de 3 categorías. La primera categoría se refiere a los glaciares ubicados en Parques Nacionales, Reservas Nacionales y Reservas de Región Virgen. La segunda, se refiere a aquellos glaciares que serán declarados Reserva Estratégica Glaciar, a través de un procedimiento administrativo. La tercera, aquellos glaciares que deben ingresar al Sistema de Evaluación de Impacto Ambiental, al cual se le introducen resguardos adicionales a los que actualmente existen en la Ley 19.300 en el DS. 40 (Reglamento del SEIA). Se considera que las indicaciones constituyen un retroceso respecto de la moción ya que se elimina la protección general y por defecto de todos los glaciares y zonas aledañas.",,,,,0,El proyecto de ley asociado se encuentra en primer trámite constitucional,El proyecto de ley es marginalmente coherente con la promesa realizada
46,Minería,Perfeccionamiento de Sistema de Concesiones Mineras,Seguiremos perfeccionando el sistema de concesiones mineras para fomentar la entrada de nuevos actores e inyectar mayor dinamismo,0%,1,,,,,,,,,,,,,,,,,0,,,,,1,,,,,,0,No se conocen proyectos de ley asociados a esta promesa,No se conocen proyectos de ley asociados a esta promesa
47,Obras Públicas,Creación de Dirección General de Concesiones,Crearemos una nueva Dirección General de Concesiones con más recursos y capacidades de gestión,40%,4,,,,10126-15,Crea la Dirección General de Concesiones de Obras Públicas y modifica las normas que señala,https://www.camara.cl/pley/pley_detalle.aspx?prmID=10549&prmBoletin=10126-15,1,,,,,,,,,Primer Tramite,"0,4",,,,1,4,"Proyecto crea la Dirección General de Concesiones como organismo descentralizado y sujeto a Alta Dirección Pública y cuyo Director será nombrado por el Presidente de la República. Se le entregan a la DGCOP las funciones y atribuciones que le permitan desarrollar todo el proceso de infraestructura concesionada, desde la evaluación de la idea hasta el término de la fase de explotación, destacando la promoción de la inversión en obras concesionadas, la estructuración financiera de los proyectos, desarrollo y licitación de los mismos, y la fiscalización del cumplimiento de los contratos en sus etapas de construcción y explotación. Considera la participación ciudadana en el desarrollo temprano de los proyectos.",,,2,,2,El proyecto de ley asociado se encuentra en primer trámite constitucional,El proyecto de ley es totalmente coherente con la promesa realizada
48,Pueblos Indígenas,Creación de Ministerio de Pueblos Indígenas,"Llevamos a cabo diferentes procesos de consulta previa, siendo especialmente relevante el que crea el Ministerio de Pueblos Indígenas",0%,1,10525-06,,,,Crea el Ministerio de pueblos indigenas,https://www.camara.cl/pley/pley_buscador.aspx?prmBUSCAR=10525-06,,,,,,,,,1,Rechazado Retirado,0,1,,,,1,"El proyecto fue retirado y creaba el Ministerio de Pueblos Indígenas, encargado de colaborar con el (la) Presidente(a) de la República en el diseño, coordinación y evaluación de las políticas, planes y programas destinados a promover y fortalecer los derechos de los pueblos indígenas, su desarrollo económico, social, político y cultural, procurar la eliminación de toda forma de discriminación arbitraria contra los pueblos, comunidades y  personas indígenas.",,,,,0,No se conocen proyectos de ley asociados a esta promesa,No se conocen proyectos de ley asociados a esta promesa
49,Pueblos Indígenas,Creación de Consejo de Pueblos Indígenas,"Llevamos a cabo diferentes procesos de consulta previa, siendo especialmente relevante el que crea el Consejo de Pueblos Indígenas",40%,4,,,,10526-06,Crea el Consejo Nacional y los Consejos de Pueblos Indígenas,https://www.camara.cl/pley/pley_detalle.aspx?prmID=10947&prmBoletin=10526-06,1,,,,,,,,,Primer Tramite,"0,4",,,,1,4,"Proyecto crea los Consejos de Pueblos Indígenas representante de cada pueblo indígena reconocido por ley N° 19.253, fija a la vez la creación de la Corporación Nacional de Desarrollo Indígena y el Consejo Nacional de los Pueblos indígenas además de fijar las atribuciones y funciones de cada uno de los organismos descrito en el proyecto de ley.",,1,,,1,El proyecto de ley asociado se encuentra en primer trámite constitucional,El proyecto de ley es totalmente coherente con la promesa realizada
50,Salud,Perfeccionamiento de Sistema de Seguro Privado,"El derecho a la salud es un derecho universal, por eso durante este año propondremos a consideración de este Congreso Nacional un proyecto de ley mejor y más equitativo que perfeccione el sistema de seguro privado",0%,1,,,,,,,,,,,,,,,,,0,,,,,1,,,,,,0,No se conocen proyectos de ley asociados a esta promesa,No se conocen proyectos de ley asociados a esta promesa
51,Trabajo y Previsión social,Estatuto regulador de trabajo de temporeros y temporeras,"Ingresaremos en septiembre al Congreso el esperado Estatuto que regula el trabajo de temporeros y temporeras, para asegurar su protección y la calidad del empleo",0%,1,,,,,,,,,,,,,,,,,0,,,,,1,"No se encontraron iniciativas al respecto. Desde el Ministerio del Trabajo nos señalaron lo siguiente al respecto: ""El proyecto se ingresará por el Ejecutivo en el primer semestre de 2016.""",,,,,0,No se conocen proyectos de ley asociados a esta promesa,No se conocen proyectos de ley asociados a esta promesa
52,Trabajo y Previsión social,Proyecto de ley que moderniza relaciones laborales,"Hemos ingresado al Congreso el anhelado proyecto de ley que moderniza las relaciones laborales , y contamos con que la ley esté aprobada en el segundo semestre de este año, porque es tiempo de ponernos al día y asegurar el pleno ejercicio de los derechos colectivos del trabajo",90%,2,,,,9835-13,"Moderniza el sistema de relaciones laborales, introduciendo modificaciones al Código del Trabajo",https://www.camara.cl/pley/pley_detalle.aspx?prmID=10248&prmBoletin=9835-13,,,,,,,1,,,Aprobación Presidencial,"0,9",,1,,,2,"El proyecto contempla innovaciones coherentes con la promesa como el derecho de información periódica y especial para la negociación; las nuevas sanciones por prácticas desleales y antisindicales con un sistema de multas y sanciones, como la prohibición del reemplazo en huelga; sistema arbitral  gratuito para micro y pequeñas empresas; la creación del Consejo Superior Laboral para un mejor seguimiento de las políticas laborales; y por último, el reforzamiento del Fondo de Formación Sindical y Relaciones Laborales Colaborativas para trabajadores y empleadores. Sin embargo, se han aprobado normas que pueden significar retrocesos en dichos avances como la autorización de las llamadas ""adecuaciones necesarias"" por parte del empleador en caso de huelga. Además, luego del fallo del Tribunal Constitucional, se mantienen los grupos negociadores al interior de las empresas al eliminarse la titularidad sindical y la extensión de beneficios.",,9,5,4,18,El proyecto de ley se encuentra en proceso de ser promulgado,El proyecto de ley es marginalmente coherente con la promesa realizada
53,Trabajo y Previsión social,Garantiza a pensionados del Sistema de Pensiones Solidarias acceso a cuota mortuaria,Enviaremos un proyecto de ley para garantizar a todos los pensionados del Sistema de Pensiones Solidarias el acceso a una cuota mortuoria o prestación por muerte.,100%,4,,,,10201-13,"Exime de la obligación de efectuar cotizaciones de salud a pensionados mayores de 65 años, facilita la tramitación de prestaciones de vejez y otorga otros beneficios que indica.",https://www.camara.cl/pley/pley_detalle.aspx?prmID=10616&prmBoletin=10201-13,,,,,,,,1,,Promulgado,1,,,,1,4,"Proyecto otorga la cuota mortuoria a los beneficiarios por el Sistema de Pensiones Solidarias, incluso a los beneficiados que no cuentan con los fondos suficientes, el Estado cubrirá la diferencia en esos casos que ayude a solventar los gastos funerarios que se generen cuando fallezcan. La entidad administradora (IPS o AFP) cancela el beneficio a la persona que se haya hecho cargo de los servicios funerarios, para lo cual debe concurrir a una sucursal de dicha entidad con la documentación requerida al efecto .",,,3,,3,El proyecto de ley asociado se encuentra despachado y es Ley de la República,El proyecto de ley es totalmente coherente con la promesa realizada
54,Trabajo y Previsión social,Instituto de Previsión Social verifica automáticamente la solicitud de pensionados para acceder al pilar solidario,"Además, enviaremos un proyecto de ley para que al cumplir la edad correspondiente, los beneficiarios de prestaciones de invalidez del Sistema de Pensiones Solidarias no deban acudir a presentar una solicitud para acceder al pilar solidario de vejez, sino que ésta sea procesada y verificada automáticamente por el Instituto de Previsión Social",100%,4,,,,10201-13,"Exime de la obligación de efectuar cotizaciones de salud a pensionados mayores de 65 años, facilita la tramitación de prestaciones de vejez y otorga otros beneficios que indica.",https://www.camara.cl/pley/pley_detalle.aspx?prmID=10616&prmBoletin=10201-13,,,,,,,,1,,Promulgado,1,,,,1,4,Otorga al instituto de Previsión Social la competencia para tramitar de oficio las solicitudes de pensión básica solidaria de vejez o del aporte previsional solidario de la vejez a los beneficiarios.  El Instituto de Previsión Social tramitará el oficio el trimestre anterior a que el beneficiario cumpla 65 años.,,,3,,3,El proyecto de ley asociado se encuentra despachado y es Ley de la República,El proyecto de ley es totalmente coherente con la promesa realizada
55,Trabajo y Previsión social,Exime el 5% de cotización de salud a pensionados mayores de 65 años,"Y a aquellos pensionados mayores de 65 años de edad, que actualmente pagan el cinco por ciento en su cotización de salud, los eximiremos totalmente de la obligación de cotizar",100%,4,,,,10201-13,"Exime de la obligación de efectuar cotizaciones de salud a pensionados mayores de 65 años, facilita la tramitación de prestaciones de vejez y otorga otros beneficios que indica.",https://www.camara.cl/pley/pley_detalle.aspx?prmID=10616&prmBoletin=10201-13,,,,,,,,1,,Promulgado,1,,,,1,4,"El proyecto disminuye efectivamente la cotización de salud en un periodo de 2 años después de acceder al beneficio a los 65 años, disminuyendo a un 3% el 1er año y al 2do año lo elimina completamente.",,,3,,3,El proyecto de ley asociado se encuentra despachado y es Ley de la República,El proyecto de ley es totalmente coherente con la promesa realizada
56,Vivienda y Urbanismo,Valorización de los terrenos asociados a la acción del Estado,Enviaremos un proyecto de ley que permita al Estado captar una mayor parte de la valorización de los terrenos asociados a su propia acción. Porque lo único que corresponde asegurar es que el crecimiento de nuestras ciudades vaya en beneficio de lo colectivo,40%,4,,,,10163-14,Transparencia del mercado del suelo e incrementos de valor por ampliaciones del límite urbano,https://www.camara.cl/pley/pley_detalle.aspx?prmID=10582&prmBoletin=10163-14,1,,,,,,,,,Primer Tramite,"0,4",,,,1,4,Unos de los objetivos del proyecto consiste en aumentar la carga tributaria  en un 10% con el fin de de capturar más el aumento de precio provocado por los cambios en el uso de los suelos que suceden a medida que las ciudad crecen y las necesidades de la población cambian.,,,,,0,El proyecto de ley asociado se encuentra en primer trámite constitucional,El proyecto de ley es totalmente coherente con la promesa realizada
,,,,53%,"3,0",,,,,,,,,,,,,,,,,,,,,,,,,121,250,44,415,,