id;area;titulo;promesa;avance_total;coherencia;;;boletin;promesa con pl;titulo_proyecto;link;1° tramite;2°-3° tramite;aprobacion presidencial;promulgado;nombre avance;avance;simple;suma;inmediata;total_urgencias;marginal;parcial minima;parcial alto;total;escala de coherencia
1;Agricultura;Financiamiento a industria silvo-agropecuaria;En el sector silvo-agropecuario fomentaremos el acceso al financiamiento, fortaleciendo legalmente los contratos de compraventa para que éstos puedan constituir una real garantía de crédito;0%;1;;;;;;;;;;;;0;;;;0;;;;;1
2;Agricultura;Fondo Sanitario de Contingencia;Se creará el Fondo Sanitario de Contingencia, de tal forma que ante una emergencia sanitaria existan los recursos para hacerle frente oportunamente;0%;1;;;;;;;;;;;;0;;;;0;;;;;1
3;Agricultura;Reforma al fomento forestal;Perfeccionará y prorrogará el DL 701;70%;4;100%;4;7102-01;1;Prorroga la vigencia del decreto ley N° 701, de 1974, y aumenta los incentivos a la forestación.;https://www.camara.cl/pley/pley_detalle.aspx?prmID=7501&prmBoletin=7102-01;;;;1;Promulgado;1;;;;0;;;;1;4
3;Agricultura;Reforma al fomento forestal;;;;40%;4;8603-01;;Fomento Forestal que modifica y extiende el DL N° 701;https://www.camara.cl/pley/pley_detalle.aspx?prmID=9002&prmBoletin=8603-01;1;;;;Primer Tramite;0,4;;4;;4;;;;1;4
4;Agricultura;Fortalecimiento CONAF;Se dictará una ley orgánica para CONAF, potenciando así su importante labor;40%;4;;;7486-01;1;Proyecto de ley que crea el Servicio Nacional Forestal, CONAF.;https://www.camara.cl/pley/pley_detalle.aspx?prmID=7889&prmBoletin=7486-01;1;;;;Primer Tramite;0,4;3;5;1;9;;;;1;4
5;Agricultura;Fortalecimiento del empleo rural;Priorizaremos el empleo en las zonas rurales, haciendo que la legislación laboral reconozca las particularidades del sector;40%;4;;;7976-13;1;Modifica las normas de los trabajadores agrícolas establecidas en el Código del Trabajo.;https://www.camara.cl/pley/pley_detalle.aspx?prmID=8378&prmBoletin=7976-13;1;;;;Primer Tramite;0,4;1;2;;3;;;;1;4
6;Economia y Comercio;Sustentabilidad de recursos hidrobiologicos;Se prolongará y perfeccionará el mecanismo de cuotas individuales transferibles, de manera de preservar nuestros recursos pesqueros y aprovechar su potencial de desarrollo. Se extenderá la aplicación de estos instrumentos al sector de pesca artesanal para  potenciar su desarrollo y se buscarán los mecanismos de apoyo y fomento a la asociatividad de este sector, fomentando así una cultura emprendedora;90%;3;;;8091-21;1;Modifica en el ámbito de la sustentabilidad de recursos hidrobiológicos, acceso a la actividad pesquera industrial y artesanal y regulaciones para la investigación y fiscalización, la ley General de Pesca y Acuicultura contenida en la ley N° 18.892 y sus modificaciones.;https://www.camara.cl/pley/pley_detalle.aspx?prmID=8488&prmBoletin=8091-21;;;1;;Aprobación Presidencial;0,9;6;6;5;17;;;1;;3
7;Agricultura;Legalización y regulación de cultivos transgénicos;Permitiremos el cultivo de transgénicos sujetos a controles de calidad y sanidad en maíz, remolacha, trigo, raps y arroz, resolviendo así la competencia desleal de los productores de estos rubros;40%;4;;;4690-01;1;Sobre vegetales genéticamente modificados.;https://www.camara.cl/pley/pley_detalle.aspx?prmID=5074&prmBoletin=4690-01;1;;;;Primer Tramite;0,4;;;;0;;;;1;4
8;Economia y Comercio;Inversión en Ciencia y tecnología;Se simplificará y potenciará el crédito tributario a la inversión privada en el área (Ciencia y tecnología);100%;4;;;7503-19;1;Modifica ley N° 20.241, que establece un incentivo tributario, a la inversión privada en investigación y desarrollo.;https://www.camara.cl/pley/pley_detalle.aspx?prmID=7871&prmBoletin=7503-19;;;;1;Promulgado;1;4;11;2;17;;;;1;4
9;Cultura y patrimonio;Inversión en artes y cultura;Crearemos un cuerpo de iniciativas legales tendientes a promover la participación responsable de la sociedad civil, estimulando el financiamiento de las actividades artístico-culturales y de cuidado del patrimonio cultural por parte de los privados;70%;4;;;7761-24;1;Modifica la Ley sobre Donaciones con Fines Culturales, contenida en el artículo 8° de la ley N° 18.985.;https://www.camara.cl/pley/pley_detalle.aspx?prmID=8158&prmBoletin=7761-24;;1;;;Segundo Tramite;0,7;3;25;;28;;;;1;4
10;Cultura y patrimonio;Ley de monumento nacionales;Perfeccionaremos la Ley de Monumentos Nacionales con el fin de transformarla en un instrumento efectivo de preservación, estableciendo mecanismos de compensaciones para los propietarios de inmuebles patrimoniales, así como para las donaciones específicas para monumentos nacionales de propiedad privada, esto por medio de incentivos tributarios y aportes directos del Estado, entre otros instrumentos;70%;4;;;7761-24;1;Modifica la Ley sobre Donaciones con Fines Culturales, contenida en el artículo 8° de la ley N° 18.985.;https://www.camara.cl/pley/pley_detalle.aspx?prmID=8158&prmBoletin=7761-24;;1;;;Segundo Tramite;0,7;3;25;;28;;;;1;4
11;Cultura y patrimonio;Reforma ley de donaciones culturales;Mejoraremos la Ley de Donaciones Culturales, tanto en el acceso como en la simplificación de su funcionamiento, ampliando su alcance pero también sancionando a quienes abusen de ésta;70%;3;;;7761-24;1;Modifica la Ley sobre Donaciones con Fines Culturales, contenida en el artículo 8° de la ley N° 18.985.;https://www.camara.cl/pley/pley_detalle.aspx?prmID=8158&prmBoletin=7761-24;;1;;;Segundo Tramite;0,7;3;25;;28;;;1;;3
12;Cultura y patrimonio;Televisión digital;Impulsaremos el desarrollo de la televisión digital, lo que nos permitirá enriquecer los contenidos y proyectos programáticos de calidad mediante la adjudicación transparente y competitiva de las nuevas señales;70%;4;;;6190-19;1;Permite la introducción de la televisión digital terrestre.;https://www.camara.cl/pley/pley_detalle.aspx?prmID=6579&prmBoletin=6190-19;;1;;;Segundo Tramite;0,7;10;43;;53;;;;1;4
13;Defensa;Ministerio Público militar;Se creará un Ministerio Público Militar, dependiente del Ministerio de Defensa, encargado de investigar los delitos del fuero militar y ejercer la acción penal, que conocerán los tribunales civiles de la Reforma Procesal Penal;0%;1;;;;;;;;;;;;0;;;;0;;;;;1
14;Defensa;Reforma a la ley del Cobre;El sistema de financiamiento a través de la «Ley del Cobre» debe ser sustituido por uno que otorgue estabilidad en un horizonte de mediano plazo, y una vez que se hayan materializado las reformas estructurales del sector;70%;4;;;7678-02;1;Establece un nuevo mecanismo de financiamiento de las capacidades estratégicas de la defensa nacional.;https://www.camara.cl/pley/pley_detalle.aspx?prmID=8071&prmBoletin=7678-02;;1;;;Segundo Tramite;0,7;3;2;1;6;;;;1;4
15;Defensa;Modernización de ASMAR y ENAER;Modernizaremos el Gobierno Corporativo de las principales empresas estatales de la Defensa (FAMAE, ASMAR y ENAER), velando por la designación de directores con experiencia empresarial, incluyendo civiles con los resguardos necesarios en materias de seguridad;0%;1;;;;;;;;;;;;0;;;;0;;;;;1
16;Defensa;Reforma a la justicia Militar;El proceso de modernización institucional se relaciona con la Justicia Militar y la modificación al Código de Justicia Militar. Planteamos establecer como delitos del fuero militar en tiempo de paz aquellos que exclusivamente afecten un bien jurídico  propiamente  militar  y  siempre  que  sean  cometidos  por militares en el ejercicio de sus funciones, excluyendo como regla general la competencia sobre civiles;100%;4;;;7203-02;1;Modifica Sistema de Justicia Militar y establee un régimen más estricto de sanciones, tratándose de delitos contra los miembros de policías.;https://www.camara.cl/pley/pley_detalle.aspx?prmID=7602&prmBoletin=7203-02;;;;1;Promulgado;1;;;;0;;;;1;4
17;Defensa;Reforma a CAPREDENA;Perfeccionaremos los beneficios del sistema previsional de la Defensa para sus actuales y futuros imponentes, eliminando descuentos previsionales que no se justifican y recogiendo las especificidades técnicas, de tiempo de desempeño y exigencias físicas que impone la carrera militar y que la hacen distinta de cualquier otra en el mundo civil;70%;3;100%;2;7441-13;1;Modifica ley N° 19539, permitiendo a los pensionados de la Dirección de Previsión de Carabineros de Chile y, de la Caja de Previsión de la Defensa Nacional, incorporarse a Cajas de Compensación de Asignación Familiar.;https://www.camara.cl/pley/pley_detalle.aspx?prmID=7839&prmBoletin=7441-13;;;;1;Promulgado;1;;;;0;;1;;;2
17;Defensa;Reforma a CAPREDENA;;;;40%;4;8643-02;;Modifica algunos aspectos previsionales de las Fuerzas Armadas, Fuerzas de Orden y Seguridad Pública y Gendarmería de Chile.;https://www.camara.cl/pley/pley_detalle.aspx?prmID=9045&prmBoletin=8643-02;1;;;;Primer Tramite;0,4;;;;0;;;;1;4
18;Seguridad;Ministerio del interior y seguridad pública;Aprobaremos el proyecto que establece el Ministerio del Interior y Seguridad Pública, y la Subsecretaría de Prevención y Rehabilitación, que entregará claramente la responsabilidad gubernamental en el ámbito de la seguridad al Ministerio del Interior. La dependencia de la Policía de Carabineros e Investigaciones pasará a este ministerio;100%;4;;;4248-06;1;Crea el Ministerio de Seguridad Pública y el Servicio Nacional para la Prevención del Consumo y Tráfico de Drogas, y modifica diversos cuerpos legales.;https://www.camara.cl/pley/pley_detalle.aspx?prmID=4629&prmBoletin=4248-06;;;;1;Promulgado;1;;;;0;;;;1;4
19;Seguridad;Creación Jefe Comunal de Seguridad;En el nivel local, estableceremos como máxima autoridad en materia de seguridad al alcalde. Crearemos el cargo de Jefe Comunal de Seguridad, que estará a cargo de los programas comunales de seguridad, y que deberá tener perfil técnico y ser elegido a través del Sistema de Alta Dirección Pública.;0%;1;;;;;;;;;;;;0;;;;0;;;;;1
20;Seguridad;Reforma del SENAME;Reformularemos íntegramente el SENAME, creando el Servicio Nacional de la Infancia dependiente del nuevo Ministerio de Desarrollo Social, separando las funciones que actualmente realiza. La adopción y protección de menores corresponderán al nuevo Servicio Nacional de la Infancia.;40%;4;;;8487-07;1;Suprime el actual Servicio Nacional del Menores, creando dos nuevos Servicios de atención a la infancia y adolescencia.;https://www.camara.cl/pley/pley_detalle.aspx?prmID=8883&prmBoletin=8487-07;1;;;;Primer Tramite;0,4;4;5;;9;;;;1;4
21;Seguridad;Reforma Gendarmería;Se concentrará la labor de Gendarmería exclusivamente en el resguardo de la seguridad en recintos carcelarios, liberando a la institución (SENAME) de las funciones de rehabilitación y reinserción que en la actualidad no desempeña satisfactoriamente. ƒstas quedarían a cargo de la Subsecretaría de Prevención y Rehabilitación del Ministerio del Interior;0%;1;;;;;;;;;;;;0;;;;0;;;;;1
22;Seguridad;Inversión en Carabineros de Chile;Se aumentará gradualmente en 10.000 efectivos la dotación de Carabineros en la calle durante los cuatro años del próximo gobierno. Para ello se incrementará la formación de Carabineros y Oficiales, se asignará personal civil a las labores de administración en Carabineros y se recontratarán Carabineros en retiro;100%;3;;;6962-02;1;Aumenta las plantas de Personal de Carabineros de Chile.;https://www.camara.cl/pley/pley_detalle.aspx?prmID=7358&prmBoletin=6962-02;;;;1;Promulgado;1;;;;0;;;1;;3
23;Seguridad;Implementación del Brazalete de Seguridad;Se implementará un sistema de monitoreo electrónico a distancia (brazalete de seguridad) en casos de delitos de violencia intrafamiliar y otros de naturaleza grave. La administración de este sistema quedará en manos de una entidad especializada;100%;4;;;5838-07;1;Modifica la ley N° 18.216, que establece medidas alternativas a las penas privativas o restrictivas de libertad.;https://www.camara.cl/pley/pley_detalle.aspx?prmID=6214&prmBoletin=5838-07;;;;1;Promulgado;1;19;20;6;45;;;;1;4
24;Justicia y DDHH;Banco de Datos delictual;Se creará un Banco de Datos Delictual, que entregue más y mejor información acerca de las principales estadísticas delictuales, evaluaciones y presupuestos. Se establecerá un sistema de información que mantenga en red a todas las instituciones involucradas en el ámbito de la seguridad, que contará con información relativa al historial de los delincuentes, incluyendo su ADN y otros antecedentes;100%;3;;;7408-07;1;Crea el Registro Nacional de Prófugos de la Justicia.;https://www.camara.cl/pley/pley_detalle.aspx?prmID=7796&prmBoletin=7408-07;;;;1;Promulgado;1;;20;;20;;;1;;3
25;Democracia;Inscripción automatica y Voto voluntario;Perfeccionaremos la institucionalidad electoral estableciendo un sistema de inscripción automática y voto voluntario;100%;4;100%;4;7962-06;1;Facilita el proceso de insripción electoral automática.;https://www.camara.cl/pley/pley_detalle.aspx?prmID=8357&prmBoletin=7962-06;;;;1;Promulgado;1;;;4;4;;;;1;4
25;Democracia;Inscripción automatica y Voto voluntario;;;;100%;4;7338-07;;Sobre inscripción automática, Servicio Electoral y sistema de votaciones.;https://www.camara.cl/pley/pley_detalle.aspx?prmID=7731&prmBoletin=7338-07;;;;1;Promulgado;1;4;15;5;24;;;;1;4
26;Democracia;Sistema de Primarias legales;Establecimiento de un sistema de primarias voluntarias y vinculantes, bajo el control del Servicio Electoral, para elegir a los candidatos a Presidente de la República, Senador, Diputado y Alcalde;100%;4;;;7911-06;1;Establece el Sistema de Elecciones Primarias para la nominación de candidatos a Presidente de la República, Parlamentarios y Alcaldes.;https://www.camara.cl/pley/pley_detalle.aspx?prmID=8304&prmBoletin=7911-06;;;;1;Promulgado;1;;20;1;21;;;;1;4
27;Democracia;Voto en el Extrajero;Proponemos extender el derecho a voto a los chilenos que residen en el extranjero y que mantengan vínculos y pertenencia con el país;40%;4;;;7335-07;1;Sobre voto de chilenos en el extranjero.;https://www.camara.cl/pley/pley_detalle.aspx?prmID=7730&prmBoletin=7335-07;1;;;;Primer Tramite;0,4;4;1;;5;;;;1;4
28;Democracia;Perfeccionar la exclusividad parlamentaria;Perfeccionaremos  las  normas  sobre  incompatibilidades, inhabilidades y prohibiciones de parlamentarios y otras autoridades;70%;2;;;7616-06;1;Probidad en la Función Pública.;https://www.camara.cl/pley/pley_detalle.aspx?prmID=8012&prmBoletin=7616-06;;1;;;Segundo Tramite;0,7;14;11;;25;;1;;;2
29;Democracia;Transparentar a los partidos políticos;"Aumentar las exigencias de transparencia y participación en temas como sus procesos (de los partidos políticos), manejo de recursos y toma de decisiones; y permitiendo  que  el  Estado,  a  través  del  Servicio  Electoral,  facilite  los procesos electorales de decisión interna de los partidos a través de primarias voluntarias";0%;1;;;;;;;;;;;;0;;;;0;;;;;1
30;Deporte;Modificación ley de Deportes;Promoveremos la generación de mayores  recursos privados destinados a donaciones deportivas modificando la Ley del Deporte, aumentando y flexibilizando los límites a donaciones que establece la ley;70%;4;;;8316-29;1;Modifica Ley del Deporte.;https://www.camara.cl/pley/pley_detalle.aspx?prmID=8713&prmBoletin=8316-29;;1;;;Segundo Tramite;0,7;8;1;;9;;;;1;4
31;Deporte;Reforma al Reglamento de organizaciones deportiva;Mejoraremos y profesionalizaremos los gobiernos corporativos de las federaciones deportivas, enmendando el Reglamento de Organizaciones Deportivas, y promoviendo la existencia de gerencias remuneradas;40%;3;;;6965-07;1;Relativo a las federaciones deportivas nacionales.;https://www.camara.cl/pley/pley_detalle.aspx?prmID=7366&prmBoletin=6965-07;1;;;;Primer Tramite;0,4;;9;;9;;;1;;3
32;Deporte;Fomento a la actividad física;Fomentaremos los hábitos deportivos, incrementando las horas efectivas de práctica en relación al ciclo de vida, con especial énfasis en la etapa preescolar (30’ mínimos) y escolar (de 1 a 4 horas semanales, en un lapso de 4 años);0%;1;;;;;;;;;;;;0;;2;;2;;;;;1
33;Desarrollo Social;Fomento a la contratación laboral de discapacitados;Realizaremos ajustes legales concretos para fomentar la contratación en el sector público de personas con discapacidad;0%;1;;;;;;;;;;;;0;;;;0;;;;;1
34;Educación;Ampliación de la subvención escolar;Duplicaremos gradualmente la subvención escolar por niño atendido;100%;3;;;8070-04;1;Aumenta las subvenciones del Estado en los establecimientos educacionales.;https://www.camara.cl/pley/pley_detalle.aspx?prmID=8481&prmBoletin=8070-04;;;;1;Promulgado;1;;13;2;15;;;1;;3
35;Educación;Nueva Carrera Docente;Crearemos una nueva carrera docente que apoye a los profesores en su tarea de mejorar los aprendizajes y la formación de sus alumnos. El actual Estatuto Docente no lo permite, debido a que contiene excesivas rigideces;40%;4;;;8189-04;1;Establece el sistema de promoción y desarrollo profesional docente del sector municipal.;https://www.camara.cl/pley/pley_detalle.aspx?prmID=8584&prmBoletin=8189-04;1;;;;Primer Tramite;0,4;9;;;9;;;;1;4
36;Educación;Nueva regulación en subvenciones escolares;Crear una institucionalidad para que expertos definan periódicamente los niveles y valores que deben alcanzar los diferentes tipos de subvenciones y se promoverá una subvención a la calidad que premie a los establecimientos y equipos docentes que se destaquen a nivel país.;0%;1;;;;;;;;;;;;0;;;;0;;;;;1
37;Educación;Examen de excelencia y calidad docente;Elevaremos las exigencias a los establecimientos, a sus directivos, docentes y alumnos, lo que será coordinado por la nueva Agencia de Calidad de la Educación. Se establecerá un examen no obligatorio de habilitación. Aquellos egresados que no hayan rendido examen de habilitación o que no tengan una buena calificación, y que ingresen a la profesión docente, quedarán facultados para ejercer la carrera sólo en forma condicional y deberán demostrar efectividad en la sala de clase.;100%;3;;;5083-04;1;Proyecto de ley sobre el sistema nacional de aseguramiento de la calidad de la educación parvularia, básica y media y su fiscalización.;https://www.camara.cl/pley/pley_detalle.aspx?prmID=5454&prmBoletin=5083-04;;;;1;Promulgado;1;;;;0;;;1;;3
38;Educación;Fortalecimiento de la subvención escolar preferencial (SEP);La continuación y profundización de la subvención preferencial para los estudiantes de familias más desvalidas;100%;4;;;8070-04;1;Aumenta las subvenciones del Estado en los establecimientos educacionales.;https://www.camara.cl/pley/pley_detalle.aspx?prmID=8481&prmBoletin=8070-04;;;;1;Promulgado;1;;;;0;;;;1;4
39;Educación;Reforma en la asignación de becas;Para lograr igualdad de oportunidades en el acceso a la educación superior se perfeccionará el sistema de financiamiento estudiantil ampliando su acceso, eliminando las discriminaciones injustificadas  y  focalizando  las  becas  en  los  sectores  de  menores ingresos y para aquellas carreras de mayor retorno social, incluyendo especialmente las pedagogías;40%;2,5;40%;4;7961-04;1;Sobre calidad y financiamiento de la educación.;https://www.camara.cl/pley/pley_detalle.aspx?prmID=8358&prmBoletin=7961-04;1;;;;Primer Tramite;0,4;;;;0;;;;1;4
39;Educación;Reforma en la asignación de becas;;;;40%;1;8369-04;;Crea un sistema de financiamiento para la educación superior.;https://www.camara.cl/pley/pley_detalle.aspx?prmID=8766&prmBoletin=8369-04;1;;;;Primer Tramite;0,4;8;;;8;;;;;1
40;Educación;Reforma a la selección de directivos escolares;Se crearán comités de búsqueda para seleccionar a quienes, con habilidades de liderazgo, muestren las mejores condiciones para ser directores de establecimientos educacionales. Se pondrá término a los cargos vitalicios de directores, evolucionándose hacia un sistema de selección por méritos. Los concursos para seleccionar directores se perfeccionarán, elevando los requisitos para los participantes y profesionalizando la integración del comité de búsqueda;100%;4;;;7329-04;1;Sobre calidad y equidad de la educación.;https://www.camara.cl/pley/pley_detalle.aspx?prmID=7719&prmBoletin=7329-04;;;;1;Promulgado;1;;;;0;;;;1;4
41;Educación;Incetivos a la remuneración docente;Se diseñarán mecanismos para mejorar las remuneraciones vinculadas a los aprendizajes de los estudiantes, y para relacionar el nivel de remuneraciones con la necesidad de atraer a la profesión docente a personas de altas habilidades. La actual normativa se modificará gradualmente. Aquellos profesores que no tengan la calificación adecuada contarán con los mecanismos para acceder a programas de reentrenamiento.;100%;4;;;7329-04;1;Sobre calidad y equidad de la educación.;https://www.camara.cl/pley/pley_detalle.aspx?prmID=7719&prmBoletin=7329-04;;;;1;Promulgado;1;;;;0;;;;1;4
42;Educación;Bono docente;Se premiará con bonos adicionales a los docentes que desarrollen labores en escuelas, liceos o colegios con un número alto de niños o jóvenes vulnerables;0%;1;;;;;;;;;;;;0;;;;0;;;;;1
43;Educación;Corporación de Educación de calidad municipal;Proponemos la creación de Corporaciones de Educación de Calidad (CEC) a nivel comunal, las que tendrán como finalidad el mejoramiento de la calidad de la educación en esa comuna. El directorio de la Corporación será presidido por el Alcalde, siendo éste la autoridad máxima y por lo tanto el responsable de los respectivos resultados. El director ejecutivo de la corporación será seleccionado por méritos con criterios similares a los que utiliza el Sistema de Alta Dirección Pública;40%;4;;;8082-04;1;Crea las agencias públicas de educación local y establece otras normas de fortalecimiento de la educación estatal.;https://www.camara.cl/pley/pley_detalle.aspx?prmID=8482&prmBoletin=8082-04;1;;;;Primer Tramite;0,4;;;;0;;;;1;4
44;Educación;Combate a la violencia escolar;Se  apoyará  las  iniciativas  destinadas  a  mejorar  el  clima  al interior  de  las  escuelas,  liceos  y  colegios  del  país;100%;4;;;7123-04;1;Sobre violencia escolar.;https://www.camara.cl/pley/pley_detalle.aspx?prmID=7525&prmBoletin=7123-04;;;;1;Promulgado;1;;;;0;;;;1;4
45;Educación;Ampliación y profundización del becas en educación superior;Mejoraremos el sistema de becas aumentando su equidad horizontal y vertical, terminando con la discriminación en el financiamiento según la naturaleza jurídica de la institución de educación superior elegida por el alumno;40%;4;;;8369-04;1;Crea un sistema de financiamiento para la educación superior.;https://www.camara.cl/pley/pley_detalle.aspx?prmID=8766&prmBoletin=8369-04;1;;;;Primer Tramite;0,4;8;;;8;;;;1;4
46;Educación;Corporación de IP, CFT y Universidades;Existirá una entidad que agrupará a los institutos profesionales y centros de formación técnica, y otra que agrupará a las universidades;0%;1;;;;;;;;;;;;0;;;;0;;;;;1
47;Educación;Reforma a las universidades del Estado;En el caso de las universidades estatales se realizará una reforma que les  permita  eliminar  trabas  burocráticas  y  flexibilizar  su  gestión académica, financiera y administrativa, de forma hacerlas plenamente competitivas. Se les permitirá acceder a mayores recursos para  inversión  utilizando  mecanismos  como  las  concesiones  de obras, y se las dotará de nuevos gobiernos corporativos para aumentar su vinculación con entidades regionales, sectores productivos  y  otros,  logrando  así  un  mayor  acceso  a  financiamiento  a través de proyectos y donaciones;0%;1;;;;;;;;;;;;0;;;;0;;;;;1
48;Energía;Certificación de calidad del transporte público;En el transporte se implementará un esquema de certificación y etiquetado con incentivos tributarios diferenciados sobre la base de la eficiencia energética y emisiones de los vehículos, además de su valor comercial;0%;1;;;;;;;;;;;;0;;;;0;;;;;1
49;Energía;Reforma ENAP;Mejoraremos el Gobierno corporativo de ENAP y proveeremos a la compañía de mecanismos para captar los recursos que le permitan aumentar sus niveles de inversión, eficiencia y estándares de calidad en sus productos;0%;1;;;;;;;;;;;;0;;;;0;;;;;1
50;Energía;Reforma en concesiones Geotérmicas;Se perfeccionará la regulación sobre concesiones en materia geotérmica, promocionando la inversión, pero exigiendo el respeto por el medio ambiente y la compatibilización con el desarrollo turístico;40%;4;;;7162-08;1;Introduce modificaciones a ley N° 19.657, sobre concesiones de energía geotérmica.;https://www.camara.cl/pley/pley_detalle.aspx?prmID=7564&prmBoletin=7162-08;1;;;;Primer Tramite;0,4;22;;;22;;;;1;4
51;Seguridad;Centros judiciales de Violencia intra-familiar;Se crearán también los Centros Judiciales de Violencia Intra-familiar en los Tribunales de Familia a lo largo del país, para que en casos urgentes toda mujer, niña o niño agredido, reciba la protección y reparación que merece de manera oportuna y eficaz;0%;1;;;;;;;;;;;;0;;;;0;;;;;1
52;Desarrollo Social;Regulación de convivencia civil;Protegeremos sus derechos (de quienes viven en pareja sin estar casados) de acceso a la salud, a la previsión, a la herencia y a otros beneficios sociales, removiendo los obstáculos que hoy les impiden ese acceso y las discriminaciones existentes, de forma de construir una sociedad inclusiva y acogedora y no excluyente y castigadora;40%;4;;;7873-07;1;Proyecto de ley que crea el Acuerdo de Vida en Pareja.;https://www.camara.cl/pley/pley_detalle.aspx?prmID=8268&prmBoletin=7873-07;1;;;;Primer Tramite;0,4;;;;0;;;;1;4
53;Estado;Reforma al sistema administrativo del Estado;Terminaremos con la duplicidad de funciones entre los distintos niveles de Gobierno, responsabilizando a los municipios por la producción de bienes y servicios locales. Se distinguirá entre municipios rurales, urbanos que administren sólo una ciudad y municipios urbanos pertenecientes a áreas metropolitanas. Según estos factores se otorgarán más o menos atribuciones en gestión de ciudad como, por ejemplo, tránsito, planificación urbana, inversión pública, entre otras;0%;1;;;;;;;;;;;;0;;;;0;;;;;1
54;Estado;Descentralización de los recursos;Traspasaremos directamente los fondos sectoriales a los municipios, con reglas de inversión general y de acuerdo a lineamientos que fije el Gobierno Central. Se ajustará la legislación vigente en orden a que los municipios puedan efectivamente hacer uso del mandato que les entrega la Constitución en esta materia;0%;1;;;;;;;;;;;;0;;;;0;;;;;1
55;Estado;Reforma en contrataciones de la administración local;Se creará para el sector un sistema similar al de la Alta Dirección Pública, que atienda las necesidades de selección de personal por mérito en los gobiernos locales. Con esta  iniciativa,  los  cargos  municipales  serán  provistos  mediante concursos en los estamentos técnicos, profesionales y jefaturas.;40%;4;;;8210-06;1;"Perfecciona el rol fiscalizador del concejo; fortalece la transparencia y probidad en las municipalidades; crea cargos y modifica normas sobre personal y finanzas municipales.";https://www.camara.cl/pley/pley_detalle.aspx?prmID=8606&prmBoletin=8210-06;1;;;;Primer Tramite;0,4;13;6;;19;;;;1;4
56;Estado;Impuesto territorial;El Estado pagará impuesto territorial por todos sus bienes raíces;0%;1;;;;;;;;;;;;0;;;;0;;;;;1
57;Estado;Modificación al impuesto territorial;En relación al impuesto territorial, introduciremos reformas para que los municipios tengan un mayor rol en su determinación y recaudación;0%;1;;;;;;;;;;;;0;;;;0;;;;;1
58;Estado;Democracia Tributaria;Se establecerán bases para una mayor democracia tributaria, que entre otras materias, considerará que un contribuyente afecto al impuesto de primera categoría o al global complementario que realice donativos para el desarrollo local pueda recibir un incentivo tributario;0%;1;;;;;;;;;;;;0;;;;0;;;;;1
59;Estado;Reforma al Fondo común Municipal;El Fondo Común Municipal será rediseñado, pues es necesario que la distribución de los recursos se realice con un criterio objetivo de acuerdo a la vulnerabilidad de las comunas y que se generen incentivos para que los municipios fortalezcan sus fuentes de financiamiento propias.;0%;1;;;;;;;;;;;;0;;;;0;;;;;1
60;Estado;Fiscalización;Se implementará un conjunto de reformas que incluyen solicitar a la Contraloría General de la República la realización de un seguimiento por un período determinado a las observaciones que realiza;0%;1;;;;;;;;;;;;0;;;;0;;;;;1
61;Estado;Fiscalización al gobierno municipal;Someteremos a los alcaldes a un régimen de responsabilidad administrativa, correspondiendo a la Contraloría la realización de los sumarios respectivos, facultándola para aplicar multas u otras sanciones. De igual manera, perfeccionaremos el ejercicio de las acciones de fiscalización y de contratación de auditorías para los concejales;40%;4;;;8210-06;1;"Perfecciona el rol fiscalizador del concejo; fortalece la transparencia y probidad en las municipalidades; crea cargos y modifica normas sobre personal y finanzas municipales.";https://www.camara.cl/pley/pley_detalle.aspx?prmID=8606&prmBoletin=8210-06;1;;;;Primer Tramite;0,4;;6;;6;;;;1;4
62;Estado;Audiencias públicas;Se realizarán modificaciones legales que exijan efectuar una cantidad mínima de audiencias públicas al año;0%;1;;;;;;;;;;;;0;;;;0;;;;;1
63;Democracia;Promoción de la Democracia directa;Se fomentará el uso más frecuente de fórmulas de democracia directa: plebiscitos y consultas no vinculantes, simplificando sus requisitos y procedimientos;90%;2;;;7308-06;1;Sobre plebiscito y consultas de carácter comunal.;https://www.camara.cl/pley/pley_detalle.aspx?prmID=7700&prmBoletin=7308-06;;;1;;Aprobación Presidencial;0,9;6;19;2;27;;1;;;2
64;Infancia y Juventud;Refomulación del programa de adopción Sename;Se reformularán además los programas dirigidos a la protección de  niños vulnerados en sus derechos y el programa de adopción del SENAME;0%;1;;;;;;;;;;;;0;;;;0;;;;;1
65;Obras Públicas;Coordinación de conceciones de Obras públicas;Se institucionalizará la Coordinación de Concesiones de Obras Públicas, con oficinas regionales, que será un organismo autónomo del estado relacionado con la Presidencia de la República a través del MOP;0%;1;;;;;;;;;;;;0;;;;0;;;;;1
66;Obras Públicas;Concesiones públicas;Se extenderá la industria de las concesiones a otros sectores, como la construcción y operación de hospitales y establecimientos educacionales, además del transporte público, parques, plazas, centros de turismo, de deportes, de cultura y re- creación, entre otros;0%;1;;;;;;;;;;;;0;;;;0;;;;;1
67;Obras Públicas;Financiamiento privado vía concesión pública;Realizar una reforma para incorporar financiamiento privado por la vía de la Ley de Concesiones, para aumentar la inversión en infraestructura de aguas lluvia;0%;1;;;;;;;;;;;;0;;;;0;;;;;1
68;Economia y Comercio;Modificación Ley de Quiebra;Se modificará la Ley de Quiebras para simplificar el proceso;40%;4;40%;4;8324-03;1;Sustituye el régimen concursal vigente por una ley de reorganización y liquidación de empresas y personas, y perfecciona el rol de la superintendencia del ramo.;https://www.camara.cl/pley/pley_detalle.aspx?prmID=8722&prmBoletin=8324-03;1;;;;Primer Tramite;0,4;1;13;;14;;;;1;4
68;Economia y Comercio;Modificación Ley de Quiebra;;;;40%;4;8492-13;;Establece la quiebra como causal de término del contrato de trabajo y adecúa normas de otras leyes.;https://www.camara.cl/pley/pley_detalle.aspx?prmID=8891&prmBoletin=8492-13;1;;;;Primer Tramite;0,4;6;2;;8;;;;1;4
69;Economia y Comercio;Estimulacion a la micro, pequeña y mediana empresa;Se estimulará la inversión y capitalización de las micro, pequeñas y medianas empresas, ampliando el sistema vigente del artículo 14 bis de la ley de renta que permite a estas empresas ser gravadas solo sobre la base de las utilidades retiradas. Extenderá en plenitud este mecanismo para empresas que vendan hasta 25.000 uf al año, y de manera gradual para aquellas que vendan hasta 100.000 uf al año.;0%;1;;;;;;;;;;;;0;;;;0;;;;;1
70;Economia y Comercio;Sistema de depreciación acelerada;Se introducirá hasta el 2012 un sistema de depreciación acelerada;0%;1;;;;;;;;;;;;0;;;;0;;;;;1
71;Economia y Comercio;Simplificación del emprendimiento;Eliminaremos  las  trabas  burocráticas  que  hoy  dificultan  la  creación de empresas y promoveremos la competencia, incentivando la innovación, el emprendimiento, la creatividad y la eficiencia;95%;4;90%;4;7328-03;1;Simplifica el régimen de constitución, modificación y disolución de las sociedades comerciales.;https://www.camara.cl/pley/pley_detalle.aspx?prmID=7720&prmBoletin=7328-03;;;1;;Aprobación Presidencial;0,9;8;26;10;44;;;;1;4
71;Economia y Comercio;Simplificación del emprendimiento;;;;100%;4;6981-03;;Facilita la constitución y funcionamiento de nuevas empresas.;https://www.camara.cl/pley/pley_detalle.aspx?prmID=7384&prmBoletin=6981-03;;;;1;Promulgado;1;;;;0;;;;1;4
72;Medio Ambiente;Impuesto a la contaminación;Profundizaremos el principio «el que contamina paga», incluyendo a todos los sectores de la actividad productiva del país, avanzando en la determinación de la línea base país, eliminando asimetrías, reforzando el derecho de propiedad, y reafirmando la certeza jurídica;0%;1;;;;;;;;;;;;0;;;;0;;;;;1
73;Medio Ambiente;Incentivar el uso de energías renovables no convencionales;Corregiremos las distorsiones tributarias que desincentivan el uso de combustibles limpios y la reducción de emisiones. Incentivaremos las Energías Renovables no Convencionales (ERNC) y la Eficiencia Energética (EE), a través de la entrega de instrumentos financieros a las empresas para que desarrollen estas tecnologías;0%;1;;;;;;;;;;;;0;;;;0;;;;;1
74;Medio Ambiente;Fomentar el cuidado al medio ambiente;Fomentaremos políticas de reciclaje, descontaminación y rehabilitación de áreas degradadas, estableciendo mecanismos que motiven a los ciudadanos, municipios y empresas a tomar acciones en este sentido;100%;2;;;7102-01;1;Prorroga la vigencia del decreto ley N° 701, de 1974, y aumenta los incentivos a la forestación.;https://www.camara.cl/pley/pley_detalle.aspx?prmID=7501&prmBoletin=7102-01;;;;1;Promulgado;1;;;;0;;1;;;2
75;Medio Ambiente;Promoción de combustibles limpios;Estableceremos mecanismos que permitan a la población más vulnerable acceder a fuentes de energía más limpia, fomentando el uso de la leña seca en el sur del país, y mejorando los estándares ambientales y energéticos de las estufas y cocinas a leña;100%;2;;;7141-08;1;Regula la certificación de los artefactos para combustibles de leña y otros productos dendroenergéticos.;https://www.camara.cl/pley/pley_detalle.aspx?prmID=7534&prmBoletin=7141-08;;;;1;Promulgado;1;2;12;;14;;1;;;2
76;Medio Ambiente;Servicio de parques y Biodiversidad;Instauraremos un «Servicio de Parques y Biodiversidad», mediante el cual pondremos en marcha una verdadera política para la protección de los recursos naturales y la biodiversidad. Esta institución fomentará la creación y mantención de las áreas protegidas estatales y privadas, tanto terrestres como marinas;40%;4;;;7487-12;1;Proyecto de ley que crea el Servicio de Biodiversidad y Áreas Silvestres Protegidas y el Sistema Nacional de Áreas Silvestres Protegidas.;https://www.camara.cl/pley/pley_detalle.aspx?prmID=7888&prmBoletin=7487-12;1;;;;Primer Tramite;0,4;11;;;11;;;;1;4
77;Medio Ambiente;Incentivos a la conservación de áreas silvestres protegidas;Incentivaremos la incorporación de privados por medio de beneficios tributarios para la conservación de Áreas Silvestres Protegidas Privadas;40%;2;;;7487-12;1;Proyecto de ley que crea el Servicio de Biodiversidad y Áreas Silvestres Protegidas y el Sistema Nacional de Áreas Silvestres Protegidas.;https://www.camara.cl/pley/pley_detalle.aspx?prmID=7888&prmBoletin=7487-12;1;;;;Primer Tramite;0,4;11;;;11;;1;;;2
78;Medio Ambiente;Perfeccionamiento de la ley del bosque nativo;Perfeccionaremos los mecanismos existentes en la Ley de Bosque Nativo, para fomentar la recuperación de los bosques degradados, con especial énfasis en pequeños y medianos propietarios de suelos forestales;0%;1;;;;;;;;;;;;0;;;;0;;;;;1
79;Medio Ambiente;Ampliación de participación ciudadana en temas medioambientales;Mejoraremos el sistema de participación ciudadana en la calificación ambiental de proyectos a través de, entre otros mecanismos, la creación de sistemas que favorezcan los acuerdos entre las partes involucradas mediante mecanismos de mediación y conciliación;0%;1;;;;;;;;;;;;0;;;;0;;;;;1
80;Medio Ambiente;Tribunal Ambiental;Implementaremos el Tribunal Ambiental, con competencias y facultades para conocer los conflictos, resolverlos adecuada y oportunamente;100%;4;;;6747-12;1;Crea el Tribunal Ambiental.;https://www.camara.cl/pley/pley_detalle.aspx?prmID=7144&prmBoletin=6747-12;;;;1;Promulgado;1;7;26;2;35;;;;1;4
81;Economia y Comercio;SERNAC financiero;Se creará el SERNAC financiero;100%;4;;;7094-03;1;Modifica ley N° 19.496, sobre Protección de los Derechos de los Consumidores, para dotar de atribuciones en materias financieras, entre otras, al Servicio Nacional del Consumidor.;https://www.camara.cl/pley/pley_detalle.aspx?prmID=7491&prmBoletin=7094-03;;;;1;Promulgado;1;6;13;6;25;;;;1;4
82;Economia y Comercio;Autorización automatica de contratos estandarizados;Se facilitará la emisión de bonos, fondos mutuos y fondos de emisión, a través de regímenes de autorización automática de contratos estandarizados;0%;1;;;;;;;;;;;;0;;;;0;;;;;1
83;Economia y Comercio;Inversión extranjera;Se eliminarán los impuestos a la exportación de servicios financieros, estableceremos los incentivos para que las garantías puedan ser transferibles entre las distintas instituciones financieras y permitiremos que entidades financieras extranjeras puedan ofrecer directamente servicios, con la regulación adecuada;40%;3;;;7966-05;1;Administración de Fondos de Terceros y Carteras Individuales y deroga los cuerpos legales que indica.;https://www.camara.cl/pley/pley_detalle.aspx?prmID=8363&prmBoletin=7966-05;1;;;;Primer Tramite;0,4;4;2;;6;;;1;;3
84;Estado;Concurso de Alta dirección pública;Se introducirá el sistema de la Alta Dirección Pública (ADP) para la selección de los altos cargos de las superintendencias;0%;1;;;;;;;;;;;;0;;28;;28;;;;;1
85;Economia y Comercio;Incentivo a la organización de consumidores;Se continuará promoviendo la organización de los consumidores, para que éstos defiendan sus derechos, y perfeccionando la legislación para que accedan a los Tribunales de Justicia cuando así lo requiera el caso;100%;4;;;7256-03;1;Relativo al procedimiento aplicable para la protección del interés colectivo o difuso de los consumidores.;https://www.camara.cl/pley/pley_detalle.aspx?prmID=7657&prmBoletin=7256-03;;;;1;Promulgado;1;;;;0;;;;1;4
86;Minería;Fortalecimiento ENAMI;Potenciaremos a ENAMI, cambiando su gobierno corporativo, a fin de que reduzca sus costos y fortalezca su alianza estratégica con los pequeños y medianos mineros;0%;1;;;;;;;;;;;;0;;;;0;;;;;1
87;Minería;Liberalización de la explotación de hidrocarburos;Liberalizar el precepto constitucional que establece que sólo el Estado puede explorar y explotar sustancias no susceptibles de concesión, entre las que destacan los hidrocarburos sólidos y gaseosos;0%;1;;;;;;;;;;;;0;;;;0;;;;;1
88;Minería;Reforma a CODELCO;CODELCO continuará siendo de propiedad del Estado, aunque con un nuevo gobierno corporativo que le dará una dirección más profesional y alejada de las presiones políticas;0%;1;;;;;;;;;;;;0;;;;0;;;;;1
89;Minería;Fin de la ley reservada del cobre;CODELCO se la liberará del impuesto a las ventas para financiar las Fuerzas Armadas;70%;4;;;7678-02;1;Establece nuevo mecanismo de financiamiento, de las capacidades estratégicas de la defensa nacional.;https://www.camara.cl/pley/pley_detalle.aspx?prmID=8071&prmBoletin=7678-02;;1;;;Segundo Tramite;0,7;3;2;1;6;;;;1;4
90;Minería;Incentivo a la investigación cientifica;Se  perfeccionarán  los  incentivos  tributarios  a  fin  de  lograr más investigación y desarrollo en el sector, permitiendo además que el crédito tributario para este efecto se otorgue también a la investigación desarrollada dentro de las empresas;100%;4;;;7503-19;1;Modifica ley N° 20241, que establece un incentivo tributario, a la inversión privada en investigación y desarrollo.;https://www.camara.cl/pley/pley_detalle.aspx?prmID=7871&prmBoletin=7503-19;;;;1;Promulgado;1;;;;0;;;;1;4
91;Estado;Concurso público de superintendentes;Los futuros superintendentes serán asignados por Alta Dirección Pública;50%;4;70%;4;7829-13;1;Crea la Intendencia de Seguridad y Salud en el Trabajo, fortalece el rol de la Superintendencia de Seguridad Social y actualiza sus atribuciones y funciones.;https://www.camara.cl/pley/pley_detalle.aspx?prmID=8222&prmBoletin=7829-13;;1;;;Segundo Tramite;0,7;;28;;28;;;;1;4
91;Estado;Concurso público de superintendentes;;;;40%;4;8041-04;;Crea la Superintendencia de Educación Superior.;https://www.camara.cl/pley/pley_detalle.aspx?prmID=8447&prmBoletin=8041-04;1;;;;Primer Tramite;0,4;6;13;;19;;;;1;4
91;Estado;Concurso público de superintendentes;;;;40%;4;8034-15;;Crea la Superintendencia de Telecomunicaciones.;https://www.camara.cl/pley/pley_detalle.aspx?prmID=8428&prmBoletin=8034-15;1;;;;Primer Tramite;0,4;;5;;5;;;;1;4
92;Estado;Extensión de la Alta dirección pública;Se profundizará la Alta Dirección Pública hasta el tercer nivel de la estructura;0%;1;;;;;;;;;;;;0;;;;0;;;;;1
93;Estado;Nueva mecanismo de contratación a nivel local;Se extenderán los principios y mecanismos de selección por mérito de la Alta Dirección Pública a nivel regional y municipal;40%;4;40%;4;7963-06;1;Relativo al fortalecimiento de la regionalización del país.;https://www.camara.cl/pley/pley_detalle.aspx?prmID=8381&prmBoletin=7963-06;1;;;;Primer Tramite;0,4;13;6;;19;;;;1;4
93;Estado;Nueva mecanismo de contratación a nivel local;;;;40%;4;8210-06;;"Perfecciona el rol fiscalizador del concejo; fortalece la transparencia y probidad en las municipalidades; crea cargos y modifica normas sobre personal y finanzas municipales.";https://www.camara.cl/pley/pley_detalle.aspx?prmID=8606&prmBoletin=8210-06;1;;;;Primer Tramite;0,4;;6;;6;;;;1;4
94;Estado;Incentivo a funcionarios destacados;Se otorgarán incentivos con remuneración variable a los funcionarios destacados;100%;2;100%;2;8660-11;1;Que otorga asignación asociada al mejoramiento de trato a los usuarios, para los funcionarios pertenecientes a  las plantas de técnicos, administrativos y auxiliares de los establecimientos de los servicios de salud.;https://www.camara.cl/pley/pley_detalle.aspx?prmID=9047&prmBoletin=8660-11;;;;1;Promulgado;1;;;;0;;1;;;2
94;Estado;Incentivo a funcionarios destacados;;;;100%;2;8661-11;;Crea asignación asociada al mejoramiento de la calidad de trato al usuario, para los funcionarios regidos por el Estatuto de Atención Primaria de Salud Municipal.;https://www.camara.cl/pley/pley_detalle.aspx?prmID=9048&prmBoletin=8661-11;;;;1;Promulgado;1;;;;0;;1;;;2
95;Estado;Reforma a la gestión de empresas públicas;Las empresas públicas se regirán por las normas de las sociedades anónimas abiertas. La responsabilidad de la administración de las empresas públicas recaerá en su directorio, el cual deberá designar al gerente general;0%;1;;;;;;;;;;;;0;;;;0;;;;;1
96;Estado;Reforma al gobierno corporativo de empresas del Estado;Se reformarán los gobiernos corporativos de todas las empresas estatales sacando de sus directorios a ministros de Estado o a representantes de intereses sectoriales;0%;1;;;;;;;;;;;;0;;;;0;;;;;1
97;Estado;Agencia Autónoma de calidad de políticas públicas;Se creará la Agencia Autónoma de Calidad de las Políticas Públicas, que cumplirá la tarea de evaluar en forma ex post las políticas y programas desarrollados por las instituciones estatales;0%;1;;;;;;;;;;;;0;;;;0;;;;;1
98;Estado;Perfeccionamiento de la Contraloría general de la República;Se propondrán reformas para mejorar (en relación a Contraloría) el proceso de toma de razón, el rol de juez de cuentas y el control ex post. Lo anterior irá acompañado de políticas para mejorar la capacitación y los incentivos para su personal;0%;1;;;;;;;;;;;;0;;;;0;;;;;1
99;Trabajo y Prevision social;Reforma al Salario mínimo;Crear una nueva institucionalidad que permita que se tomen en cuenta parámetros técnicos en la fijación del salario mínimo, incorporando en el análisis el riesgo de desempleo e informalidad de los trabajadores jóvenes y de los menos calificados;0%;1;;;;;;;;;;;;0;;;;0;;;;;1
100;Trabajo y Prevision social;Extensión horario de sala cunas;Se ampliarán los horarios de atención de las salas cunas de los grupos más vulnerables para que éstas atiendan en un horario compatible con la jornada laboral de las madres;0%;1;;;;;;;;;;;;0;;;;0;;;;;1
101;Trabajo y Prevision social;Post-natal de seis meses;En  relación  al post natal, se extenderá hasta seis meses el período del beneficio. Lo anterior se acompañará con un cambio en la cobertura de la licencia por enfermedad del niño. Esta modalidad se ofrecería como opcional al actual régimen de post natal.;100%;3;;;7526-13;1;Proyecto de ley en materia de duración del descanso de maternidad.;https://www.camara.cl/pley/pley_detalle.aspx?prmID=7918&prmBoletin=7526-13;;;;1;Promulgado;1;;;;0;;;1;;3
102;Trabajo y Prevision social;Dirección del Trabajo Autónoma;Perfeccionar la institucionalidad laboral creando una Dirección del Trabajo Autónoma, con directivos elegidos por la Alta Dirección Pública;0%;1;;;;;;;;;;;;0;;;;0;;;;;1
103;Trabajo y Prevision social;Reforma Sindical;Se ampliarán los temas que forman parte de la negociación colectiva, incluyéndose materias como flexibilidad horaria, sistema de turnos y otros (…) Se revisará la legislación para eliminar las actuales restricciones que dificultan que un mayor número de trabajadores negocie colectivamente;0%;1;;;;;;;;;;;;0;;;;0;;;;;1
104;Trabajo y Prevision social;Perfeccionamiento del seguro de Cesantía;Perfeccionar el Seguro de Cesantía, para que un mayor número de trabajadores pueda acceder a él, y con mayores beneficios. Simultáneamente, se dará  la oportunidad a los trabajadores para sustituir una parte de las indemnizaciones que actualmente pueden recibir en caso de ser despedidos, por indemnizaciones a todo evento.;40%;2;;;6749-13;1;Facilita el cobro del seguro de desempleo y los seguros de cesantía involuntaria asociados a créditos de consumo.;https://www.camara.cl/pley/pley_detalle.aspx?prmID=7143&prmBoletin=6749-13;1;;;;Primer Tramite;0,4;;;;0;;1;;;2
105;Trabajo y Prevision social;Aumento de Sala Cunas en empresas;Se propondrá una modificación de la actual normativa de salas cunas para empresas que contratan a 20 o más mujeres;0%;1;;;;;;;;;;;;0;;;;0;;;;;1
106;Trabajo y Prevision social;Solución a la malas prácticas en Empresas;Se propondrá una solución eficaz para evitar las malas prácticas que distorsionan el concepto de empresa;70%;4;;;4456-13;1;Establece un nuevo concepto de empresa;https://www.camara.cl/pley/pley_detalle.aspx?prmID=4867&prmBoletin=4456-13;;1;;;Segundo Tramite;0,7;;;;0;;;;1;4
107;Trabajo y Prevision social;Promoción del Home-working;Promover la modalidad del teletrabajo y de trabajo en el hogar;40%;4;;;7199-13;1;Contrato especial de trabajo a distancia.;https://www.camara.cl/pley/pley_detalle.aspx?prmID=7596&prmBoletin=7199-13;1;;;;Primer Tramite;0,4;4;;;4;;;;1;4
108;Trabajo y Prevision social;Perfeccionar los multifondos;En primer lugar se perfeccionará el diseño de multifondos y asignaciones por defecto a la luz de la evaluación de los riesgos financieros y las percepciones políticas manifestadas en la reciente crisis. Ello, para incrementar la participación de las personas en la elección de sus fondos;0%;1;;;;;;;;;;;;0;;;;0;;;;;1
109;Trabajo y Prevision social;Manual del cotizante;Se propone exigir a cada AFP publicar un manual de recomendaciones de inversión a los afiliados y prohibir que la publicidad de una AFP contradiga lo afirmado por su manual;0%;1;;;;;;;;;;;;0;;;;0;;;;;1
110;Trabajo y Prevision social;Perfeccionamiento del subsidio provisional;Se propone un perfeccionamiento al actual subsidio previsional, de forma que opere más gradualmente a medida que el beneficiario integre hogares de mayores ingresos y aumente el monto promedio de la renta del capital que haya tenido él y su grupo familiar en los últimos tres años;0%;1;;;;;;;;;;;;0;;;;0;;;;;1
111;Trabajo y Prevision social;Modificación al sistema de pensiones;Proponemos fomentar la participación voluntaria de las AFP en un nuevo sistema común de recaudación y cobranza de cotizaciones, licitado a un operador privado, como el que ya existe en otros países;0%;1;;;;;;;;;;;;0;;;;0;;;;;1
112;Economia y Comercio;Reducción de impuesto de timbres y estampillas;Se reducirá la carga tributaria de las PYMES.  Esta reforma reducirá el Impuesto de Timbres y Estampillas a 0,6%;100%;4;100%;4;6927-05;1;Modifica diversos cuerpos legales para obtener recursos destinados al financiamiento de la reconstrucción del país.;https://www.camara.cl/pley/pley_detalle.aspx?prmID=7328&prmBoletin=6927-05;;;;1;Promulgado;1;;3;3;6;;;;1;4
112;Economia y Comercio;Reducción de impuesto de timbres y estampillas;;;;100%;4;8488-05;;Perfeciona la legislación tributaria y financia la reforma educacional.;https://www.camara.cl/pley/pley_detalle.aspx?prmID=8889&prmBoletin=8488-05;;;;1;Promulgado;1;;;;0;;;;1;4
113;Economia y Comercio;Consejo Nacional PYME;Se creará un Consejo Nacional PYME, que dependerá del nuevo Ministerio del Emprendimiento y la Innovación, que tendrá como tarea coordinar todos los programas existentes;0%;1;;;;;;;;;;;;0;;;;0;;;;;1
114;Economia y Comercio;Reformulación normativa PYME;Promoveremos  un  Nuevo  Estatuto para las PYMES, que fomente su desarrollo y asegure que toda la legislación  y  regulación  que  se  proponga  en  el  futuro  tome  en consideración el impacto en ellas;0%;1;;;;;;;;;;;;0;;;;0;;;;;1
115;Desarrollo Social;Ministerio de Desarrollo social;Creación del  Ministerio de Desarrollo Social, que funcionará en La Moneda bajo la directa supervisión del Presidente de la República;100%;4;;;7196-06;1;Crea el Ministerio de Desarrollo Social.;https://www.camara.cl/pley/pley_detalle.aspx?prmID=7623&prmBoletin=7196-06;;;;1;Promulgado;1;;;;0;;;;1;4
116;Desarrollo Social;Ingreso Etico Familiar;La creación de un Ingreso Ético Familiar, cuyos componentes serán el Subsidio Único Familiar, un Bono de Capacitación y un Subsidio al Trabajo. Este Ingreso Ético Familiar irá acompañado de algunos requerimientos para acceder a él, tales como asistencia escolar, control de salud, esfuerzos de capacitación y búsqueda de empleo. En el caso del subsidio por niño, éste se aumentará significativamente. Existirá un mecanismo gradual de retiro de las transferencias recibidas por los grupos beneficiarios.;100%;3;;;7992-06;1;Establece bonos y transferencias condicionadas para las familias de extrema pobreza y crea subsidio al empleo de la mujer.;https://www.camara.cl/pley/pley_detalle.aspx?prmID=8388&prmBoletin=7992-06;;;;1;Promulgado;1;;4;6;10;;;1;;3
117;Desarrollo Social;Bono Marzo;Se entregará el «Bono Marzo» por un monto de $40.000 por carga familiar, a las familias que reciben el Subsidio Único Familiar, la Asignación Familiar y Maternal, y a quienes son beneficiarios del programa Chile Solidario;100%;4;;;6852-05;1;Otorga un bono solidario a las familias de menores ingresos.;https://www.camara.cl/pley/pley_detalle.aspx?prmID=7246&prmBoletin=6852-05;;;;1;Promulgado;1;;;;0;;;;1;4
118;Desarrollo Social;Subvención preescolar;Una subvención de educación preescolar en función de requisitos como asistencia;100%;4;;;8070-04;1;Aumenta las subvenciones del Estado en los establecimientos educacionales.;https://www.camara.cl/pley/pley_detalle.aspx?prmID=8481&prmBoletin=8070-04;;;;1;Promulgado;1;;;;0;;;;1;4
119;Desarrollo Social;Financiamiento a la acción social;Creación de un mecanismo mediante el cual el Estado suplemente los aportes privados a instituciones de la sociedad civil dedicadas a trabajar con la población en condiciones de pobreza extrema, en un monto similar al aportado por las entidades privadas;0%;1;;;;;;;;;;;;0;;;;0;;;;;1
120;Pueblos Originarios;Descentralización del Fondo de Desarollo Indigena;Descentralizaremos la ejecución de la asignación del Fondo de Desarrollo Indígena, la que se realizará por concursos radicados en las municipalidades, que serán supervisados por la nueva Agencia de Desarrollo Indígena;0%;1;;;;;;;;;;;;0;;;;0;;;;;1
121;Pueblos Originarios;Reconocimiento legal a pueblos indigenas;Reconocimiento en la Constitución de los pueblos indígenas;40%;4;;;5324-07;1;Proyecto de reforma constitucional que reconoce el aporte de los pueblos originarios a la conformación de la nación chilena.;https://www.camara.cl/pley/pley_detalle.aspx?prmID=5710&prmBoletin=5324-07;1;;;;Primer Tramite;0,4;9;37;2;48;;;;1;4
122;Pueblos Originarios;Oficina de Asuntos indigenas;Se creará  la Oficina de Asuntos Indígenas (OAI), en aquellas comunas que superen un cierto umbral de asignación de recursos del Fondo de Desarrollo Indígena;0%;1;;;;;;;;;;;;0;;;;0;;;;;1
123;Pueblos Originarios;Agencia de Desarrolllo indigena;Se reformará la institucionalidad responsable de las políticas del Gobierno Central para los pueblos indígenas, y se transformará a la CONADI en una Agencia de Desarrollo Indígena que concentrará su función en la ejecución directa de las políticas y la coordinación de éstas con los municipios y otros entes. Los nombramientos en la nueva agencia se harán a través del mecanismo de Alta Dirección Pública;0%;1;;;;;;;;;;;;0;;;;0;;;;;1
124;Pueblos Originarios;Consejo de pueblos Indigenas;Existirá un Consejo de Pueblos Indígenas a nivel nacional que tendrá como función asesorar al Gobierno en el desarrollo de la política indígena nacional, funcionando como órgano consultivo central e integrado exclusivamente por miembros de las etnias reconocidas por la ley, elegidos a través de un sistema representativo;0%;1;;;;;;;;;;;;0;;;;0;;;;;1
125;Pueblos Originarios;Devolución de tierras;Se perfeccionará la entrega de tierras a través del subsidio establecido en el artículo 20 letra a) de la Ley Indígena, con un claro énfasis en los subsidios individuales;0%;1;;;;;;;;;;;;0;;;;0;;;;;1
126;Estado;Áreas Metropolitanas;Reordenamiento y traspaso de competencias, funciones y atribuciones (de los gobiernos regionales), además de la creación de áreas metropolitanas. Se realizará un catastro de competencias, distinguiendo dos categorías: las exclusivas y las compartidas.;40%;2;;;7963-06;1;Relativo al fortalecimiento de la regionalización del país.;https://www.camara.cl/pley/pley_detalle.aspx?prmID=8381&prmBoletin=7963-06;1;;;;Primer Tramite;0,4;13;6;;19;;1;;;2
127;Estado;Descentralización de la administración;Se le otorgará reconocimiento legal al cargo de Administrador Regional que, al igual que el administrador municipal, colaborará con el intendente en la conducción ejecutiva del Gobierno Regional;40%;4;;;7963-06;1;Relativo al fortalecimiento de la regionalización del país.;https://www.camara.cl/pley/pley_detalle.aspx?prmID=8381&prmBoletin=7963-06;1;;;;Primer Tramite;0,4;13;6;;19;;;;1;4
128;Estado;Concurso público en gobiernos regionales y comunales;Implementaremos  un Sistema de Alta Dirección Pública a nivel regional y comunal, que facilitará la selección de personal de excelencia en los gobiernos regionales y comunales;40%;4;40%;4;7963-06;1;Relativo al fortalecimiento de la regionalización del país.;https://www.camara.cl/pley/pley_detalle.aspx?prmID=8381&prmBoletin=7963-06;1;;;;Primer Tramite;0,4;13;6;;19;;;;1;4
128;Estado;Concurso público en gobiernos regionales y comunales;;;;40%;4;8210-06;;"Perfecciona el rol fiscalizador del concejo; fortalece la transparencia y probidad en las municipalidades; crea cargos y modifica normas sobre personal y finanzas municipales.";https://www.camara.cl/pley/pley_detalle.aspx?prmID=8606&prmBoletin=8210-06;1;;;;Primer Tramite;0,4;;6;;6;;;;1;4
129;Estado;Probidad y Transparencia;Dispondremos expresamente la aplicación de las normas sobre probidad administrativa a los intendentes y gobernadores, creando la figura de «notable abandono de deberes», lo que será sancionado con la remoción del cargo respectivo;0%;1;;;;;;;;;;;;0;;;;0;;;;;1
130;Democracia;Elección directa de consejeros regionales;Se presentará una reforma legal en orden a implementar la elección directa de los Consejeros Regionales, tal como se aprobó recientemente por nuestro Congreso Nacional;85%;4;70%;4;7923-06;1;Establece elección directa de los Consejeros Regionales.;https://www.camara.cl/pley/pley_detalle.aspx?prmID=8317&prmBoletin=7923-06;;1;;;Segundo Tramite;0,7;1;12;;13;;;;1;4
130;Democracia;Elección directa de consejeros regionales;;;;100%;4;8715-06;;Establece un mecanismo transitorio para la elección de consejeros regionales.;https://www.camara.cl/pley/pley_detalle.aspx?prmID=9118&prmBoletin=8715-06;;;;1;Promulgado;1;;;3;3;;;;1;4
131;Estado;Reducción de la burocracia descentralizada;Aliviar la burocracia en las regiones, para lo cual se modificará el rol del gobernador en las provincias;0%;1;;;;;;;;;;;;0;;;;0;;;;;1
132;Estado;Subsecretaria de Comercio internacional;Crearemos la Subsecretaria de Comercio Internacional en reemplazo de la Dirección General de Relaciones Económicas, DIRECON, considerando mayores espacios para el aporte del Servicio Exterior y las competencias específicas de su personal en este ámbito;0%;1;;;;;;;;;;;;0;;;;0;;;;;1
133;Salud;Reforma a la gestión hospitalaria;Modificaremos el gobierno corporativo de todos los hospitales, permitiéndoles un mayor grado de autonomía y mejores remuneraciones en relación a la calidad de la atención;0%;1;;;;;;;;;;;;0;;;;0;;;;;1
134;Justicia y DDHH;Bono de asistencia judicial;Se entregará un «Bono de Asistencia Jurídica», en régimen de gratuidad o copago, para que las personas de menores recursos puedan contratar servicios legales libremente;0%;1;;;;;;;;;;;;0;;;;0;;;;;1
135;Justicia y DDHH;Desjudicialización de la cobranza;Desjudicialización de la cobranza. Para ello se establecerá un procedimiento administrativo, limitando la posibilidad de oposición por parte del deudor en caso que exista un documento fehaciente que compruebe la deuda y el no pago;0%;1;;;;;;;;;;;;0;;;;0;;;;;1
136;Justicia y DDHH;Reforma al sistema judicial civil;Impulsaremos una reforma a la justicia civil para que ésta, que representa cerca del 60% del trabajo judicial, sea capaz de responder a los desafíos del siglo XXI siendo más oportuna y eficaz en el cumplimiento de su trascendental rol;40%;4;;;8197-07;1;Establece el nuevo Código Procesal Civil.;https://www.camara.cl/pley/pley_detalle.aspx?prmID=8596&prmBoletin=8197-07;1;;;;Primer Tramite;0,4;11;;;11;;;;1;4
137;Justicia y DDHH;Modernización del sistema notarial;Modernizaremos el sistema notarial y registral del país, disminuyendo los tiempos de atención y crearemos una base de datos unificada a nivel nacional;40%;4;;;8673-07;1;Modifica régimen de nombramiento y funciones del sistema notarial y registral.;https://www.camara.cl/pley/pley_detalle.aspx?prmID=9072&prmBoletin=8673-07;1;;;;Primer Tramite;0,4;;;;0;;;;1;4
138;Transporte y Telecomunicaciones;Superintendencia de telecomunicaciones;Se creará una superintendencia de Telecomunicaciones, que se hará cargo de la fiscalización del sector;40%;4;;;8034-15;1;Crea la Superintendencia de Telecomunicaciones.;https://www.camara.cl/pley/pley_detalle.aspx?prmID=8428&prmBoletin=8034-15;1;;;;Primer Tramite;0,4;;5;;5;;;;1;4
139;Transporte y Telecomunicaciones;Perfeccionamiento del sistema de concesión radioeléctrico;Se perfeccionará el sistema de concesiones y permisos radioeléctricos, eliminando trámites burocráticos, flexibilizando el uso, y promoviendo una mejor asignación de los recursos;100%;3;100%;3;7617-15;1;Modifica la Ley General de Telecomunicaciones derogando el derecho preferente a que se refiere el artículo 13 C).;https://www.camara.cl/pley/pley_detalle.aspx?prmID=8013&prmBoletin=7617-15;;;;1;Promulgado;1;;;;0;;;1;;3
139;Transporte y Telecomunicaciones;Perfeccionamiento del sistema de concesión radioeléctrico;;;;100%;3;7931-15;;Relativo al fortalecimiento de la rediodifusión regional y local.;https://www.camara.cl/pley/pley_detalle.aspx?prmID=8324&prmBoletin=7931-15;;;;1;Promulgado;1;;;;0;;;1;;3
140;Transporte y Telecomunicaciones;Portabilidad númerica;Se implementará la portabilidad del número telefónico, tanto para el servicio de telefonía local como para el servicio de telefonía móvil;100%;4;;;6964-15;1;Crea un Organismo Administrador para la Implementación de la portabilidad numérica.;https://www.camara.cl/pley/pley_detalle.aspx?prmID=7357&prmBoletin=6964-15;;;;1;Promulgado;1;;;;0;;;;1;4
141;Desarrollo Social;Eliminación del 7% de descuento a jubilados;Avanzaremos gradualmente y de manera focalizada en la reducción del descuento del 7% que se efectúa a los jubilados para su salud;100%;4;;;7570-11;1;Exime, total o parcialmente, de la obligación de cotizar para salud a los pensionados que se indica;https://www.camara.cl/pley/pley_detalle.aspx?prmID=7958&prmBoletin=7570-11;;;;1;Promulgado;1;;;;0;;;;1;4
142;Desarrollo Social;Bono bodas de oro;Entregaremos el «Bono Bodas de Oro» para todos los matrimonios que cumplan 50 años de casados;100%;3;100%;3;7074-05;1;Otorga un bono a los cónyuges que cumplan cincuenta años de matrimonio.;https://www.camara.cl/pley/pley_detalle.aspx?prmID=7471&prmBoletin=7074-05;;;;1;Promulgado;1;;1;1;2;;;1;;3
142;Desarrollo Social;Bono bodas de oro;;;;100%;3;8443-05;;Antocipa el pago del bono de la ley N° 20506 , Bono Bodas de Oro, para los matrimonios que se indican.;https://www.camara.cl/pley/pley_detalle.aspx?prmID=8835&prmBoletin=8443-05;;;;1;Promulgado;1;;;;0;;;1;;3
143;Desarrollo Social;Fomento al empleo Part-time;Se promoverán los Empleos a Tiempo Parcial, con contrato simplificado, para adultos mayores que hayan jubilado y que quieran seguir trabajando en trabajos por horas o en media jornada;0%;1;;;;;;;;;;;;0;;;;0;;;;;1
144;Transporte y Telecomunicaciones;Concesión portuaria;El transporte marítimo se impulsará con la política de concesiones portuarias;0%;1;;;;;;;;;;;;0;5;;;5;;;;;1
145;Economia y Comercio;Impulso a la industria del turismo;Se estimulará tributariamente a las pequeñas y medianas empresas del sector turismo;100%;2;;;7528-06;1;Fomenta el Mercado de Cruceros Turísticos.;https://www.camara.cl/pley/pley_detalle.aspx?prmID=7919&prmBoletin=7528-06;;;;1;Promulgado;1;;;;0;;1;;;2
146;Economia y Comercio;Incentivo al empleo y capacitación en turismo ;Se flexibilizará la legislación para favorecer el empleo y capacitación del sector (Turismo);40%;4;;;8770-23;1;Adapta normas laborales al ámbito del turismo.;https://www.camara.cl/pley/pley_detalle.aspx?prmID=9177&prmBoletin=8770-23;1;;;;Primer Tramite;0,4;;;;0;;;;1;4
147;Vivienda y Urbanismo;Gobierno metropolitano;Para una mejor planificación urbana se creará una instancia administrativa de coordinación a nivel de áreas metropolitanas;0%;1;;;;;;;;;;;;0;;;;0;;;;;1
148;Vivienda y Urbanismo;Reforma de gestión es pequeñas comunas;Se simplificará la planificación y la regulación en comunas pequeñas o con pocos habitantes;0%;1;;;;;;;;;;;;0;;;;0;;;;;1
149;Vivienda y Urbanismo;Descentralización de la gestión urbana;Se perfeccionará la actual institucionalidad de los Ministerios de Obras Públicas, Transportes y Vivienda, para redefinir competencias con miras a una mayor coordinación y descentralización de sus roles en  materias urbanas. Asimismo, en su relación con las responsabilidades que competen a los municipios;70%;4;;;8493-14;1;Modifica la Ley General de Urbanismo y Construcciones y leyes complementarias, para establecer un sistema de aportes al espacio público aplicable a los proyectos de construcción.;https://www.camara.cl/pley/pley_detalle.aspx?prmID=8894&prmBoletin=8493-14;;1;;;Segundo Tramite;0,7;4;1;;5;;;;1;4
150;Vivienda y Urbanismo;Aporte viales en nuevas edificaciones;Se enviará al Congreso un proyecto de ley sobre aportes viales, que deban soportar los proyectos de edificación;70%;4;;;8493-14;1;Modifica la Ley General de Urbanismo y Construcciones y leyes complementarias, para establecer un sistema de aportes al espacio público aplicable a los proyectos de construcción.;https://www.camara.cl/pley/pley_detalle.aspx?prmID=8894&prmBoletin=8493-14;;1;;;Segundo Tramite;0,7;4;1;;5;;;;1;4
151;Vivienda y Urbanismo;Alianzas público-privadas para contrucción de espacios públicos;Se establecerán incentivos y mecanismos para alianzas público-privadas  que  permiten  a  las  empresas  participar  en la  construcción espacios públicos urbanos y recuperación de riveras, bordes costeros a lo largo de ríos, lagos y playas;0%;1;;;;;;;;;;;;0;4;1;;5;;;;;1
152;Seguridad;Tribunales Vecinales;Creación de Tribunales Vecinales para facilitar el acceso a la justicia. Estableceremos gradualmente en la mayoría de las comunas del país estos tribunales;0%;1;;;;;;;;;;;;0;;;;0;;;;;1
153;Justicia y DDHH;Reforma al codigo penal;Debemos emprender diversas modificaciones de nuestro Código Penal y ajustar la legislación interna al derecho humanitario convencional;0%;1;;;;;;;;;;;;0;;;;0;;;;;1
154;Cultura y patrimonio;Fomento a la lectura escolar;Daremos especial énfasis al desarrollo de un Plan Nacional de Fomento a la Lectura en las escuelas y colegios del país;0%;1;;;;;;;;;;;;0;;;;0;;;;;1
155;Cultura y patrimonio;Recuperación del patrimonio cultural arquitectonico;Diseñaremos un Plan de Recuperación del Patrimonio Cultural Arquitectónico, poniendo especial acento en aquellos lugares que son de importancia turística;70%;2;;;7761-24;1;Modifica la Ley sobre Donaciones con Fines Culturales, contenida en el artículo 8¡ de la ley N¡ 18.985;https://www.camara.cl/pley/pley_detalle.aspx?prmID=8158&prmBoletin=7761-24;;1;;;Segundo Tramite;0,7;3;25;;28;;1;;;2
156;Vivienda y Urbanismo;Fortalecimiento de la participación ciudadana en la gestión urbana;Fortaleceremos la participación ciudadana en la planificación urbana, tanto para opinar respecto de las iniciativas que emanan de la autoridad como también para proponer iniciativas ciudadanas;0%;1;;;;;;;;;;;;0;;;;0;;;;;1
;;;;37%;2,3;;;;80;;;;;;;;;317;592;63;;;;;;
;;;;;;;;;;;;;;;;;;;;;;;;;;