uid,area,titulo,fecha,fuente,"programa
",promesa,avance_total,boletin,titulo_proyecto,link,1° tramite,veto,insistencia,2°-3° tramite,comision_mixta,tribunal_constitucional,aprobacion_presidencial,promulgado,rechazado/retirado,nombre_avance,avance,simple,suma,inmediata,total_urgencias,ja_porque
1,Democracia,Reducción dietas de parlamentarios y altos sueldos de la administración pública,22/10/19,http://archive.is/V2Tgu,No,Reducción de las dietas de los parlamentarios y altos sueldos de la administración pública y reducción en el número de los parlamentarios y limitación de las reelecciones.,70%,9304-07,"Reforma constitucional que modifica el artículo 62 de la Constitución Política, para determinar por ley el monto de la dieta parlamentaria.",http://www.senado.cl/appsenado/templates/tramitacion/index.php?boletin_ini=9304-07,,,,1,,,,,,Segundo Tramite,"0,7",,7,,7,El proyecto de ley asociado se encuentra en segundo trámite constitucional
2,Democracia,Reducción en el número de los parlamentarios,22/10/19,http://archive.is/V2Tgu,Sí,Reducción de las dietas de los parlamentarios y altos sueldos de la administración pública y reducción en el número de los parlamentarios y limitación de las reelecciones.,40%,11692-07,"Reduce el número de integrantes de la Cámara de Diputados y del Senado, en la forma que indica",http://www.senado.cl/appsenado/templates/tramitacion/index.php?boletin_ini=11692-07,1,,,,,,,,,Primer Tramite,"0,4",,8,,8,El proyecto de ley asociado se encuentra en primer trámite constitucional
3,Democracia,Limite a las reelecciones,22/10/19,http://archive.is/V2Tgu,Sí,Reducción de las dietas de los parlamentarios y altos sueldos de la administración pública y reducción en el número de los parlamentarios y limitación de las reelecciones.,70%,4499-07,Proyecto de Reforma Constitucional para limitar la reelección de las autoridades que indica.,http://www.senado.cl/appsenado/templates/tramitacion/index.php?boletin_ini=4499-07,,,,1,,,,,,Segundo Tramite,"0,7",,11,2,13,El proyecto de ley asociado se encuentra en segundo trámite constitucional
4,Desarrollo Social,Reducción de las contribuciones de los adultos mayores,22/10/19,http://archive.is/V2Tgu,No,"Proyecto que establece la reducción de las contribuciones de los adultos mayores más
 vulnerables.",100%,12043-05,Moderniza la legislación tributaria,http://www.senado.cl/appsenado/templates/tramitacion/index.php?boletin_ini=12043-05,,,,,,,,1,,Promulgado,1,12,1,7,20,El proyecto de ley asociado se encuentra publicado y es Ley de la República.
5,Desarrollo Social,Rebaja en el transporte para mayores de 65 años,21/11/2019,https://www.dipres.gob.cl/597/articles-198743_doc_pdf.pdf,No,"Los adultos mayores de 65 años o más, que estén pensionados, tendrán una rebaja del 50 por ciento de la tarifa normal en el transporte público.",100%,12097-15,Modifica disposiciones sobre subsidio nacional al transporte público remunerado de pasajeros.,http://www.senado.cl/appsenado/templates/tramitacion/index.php?boletin_ini=12097-15,,,,,,,,1,,Promulgado,1,2,3,4,9,El proyecto de ley asociado se encuentra publicado y es Ley de la República.
6,Economía y Comercio,"Ayudas tributarias y financieras a las micro, pequeñas y medianas empresas",05/11/19,http://archive.is/wvex6,No,"Otorgamiento de facilidades en el cumplimiento de las obligaciones tributarias, a través de mayores plazos para declaraciones de IVA, reconocimiento tributario de pérdidas de inventarios, revalúo fiscal de inmuebles y la exención de multas por pérdida de documentos contables.",100%,13116-03,"Contempla diversas medidas tributarias y financieras destinadas a apoyar a las micro, pequeñas y medianas empresas",http://www.senado.cl/appsenado/templates/tramitacion/index.php?boletin_ini=13116-03,,,,,,,,1,,Promulgado,1,,,5,5,El proyecto de ley asociado se encuentra publicado y es Ley de la República.
7,Economía y Comercio,"Facilitar las donaciones a micro, pequeñas y medianas empresas afectadas por actos de violencia.
",05/11/19,http://archive.is/wvex6,No,"Envío de un proyecto de ley al Congreso para incentivar y facilitar las donaciones a las micro, pequeña y mediana empresas que han sido afectadas por actos de violencia.",100%,13116-03,"Facilitar las donaciones a micro, pequeñas y medianas empresas afectadas por actos de violencia.
",http://www.senado.cl/appsenado/templates/tramitacion/index.php?boletin_ini=13116-03,,,,,,,,1,,Promulgado,1,,,5,5,El proyecto de ley asociado se encuentra publicado y es Ley de la República.
8,Economía y Comercio,Mayor impuesto a sectores de mayores ingresos,22/10/19,http://archive.is/V2Tgu,No,"Creación de un nuevo tramo en el Impuesto Global Complementario de 40% para las rentas
 superiores a 8 millones mensuales, lo que aumentará la recaudación tributaria en US 160 MM.",100%,12043-05,Moderniza la legislación tributaria,http://www.senado.cl/appsenado/templates/tramitacion/index.php?boletin_ini=12043-05,,,,,,,,1,,Promulgado,1,12,1,7,20,El proyecto de ley asociado se encuentra publicado y es Ley de la República.
9,Economía y Comercio,Adelanto de la entrada en vigencia de la Ley de Pago a 30 días,05/11/2019,http://archive.is/wvex6,No,"El proyecto busca adelantar entrada en vigencia del plazo máximo de 30 días para pago de facturas a micro, pequeñas y medianas empresas.

",100%,13045-03,Modifica la ley N° 21.131 que establece pago a treinta días,http://www.senado.cl/appsenado/templates/tramitacion/index.php?boletin_ini=13045-03,,,,,,,,1,,Promulgado,1,,,3,3,El proyecto de ley asociado se encuentra publicado y es Ley de la República.
10,Economía y Comercio,Obligación a empresas que venden al Estado de informar la identidad de sus dueños como personas naturales,09/12/2019,http://archive.is/1ePSm,No,"Establecer que las empresas que vendan productos al Estado informen en forma transparente la identidad de sus dueños personas naturales, así tendremos mayor transparencia, podremos detectar y combatir cualquier abuso, conflicto de interés y concentraciones excesivas en la provisión de bienes y servicios al Estado, lo que va a favorecer a todos los chilenos.",100%,12953-05,Ley de Presupuestos del sector público correspondiente al año 2020,http://archive.is/SpB1D,,,,,,,,1,,Promulgado,1,,,,0,El proyecto de ley asociado se encuentra publicado y es Ley de la República.
11,Economía y Comercio,Transparentar términos y condiciones del comercio electrónico y prohibir comisiones abusivas,09/12/2019,http://archive.is/1ePSm,No,Establecer en forma simple y transparente los términos y condiciones del comercio electrónico y prohibir todo abuso y todo cobro de comisiones que no correspondan a prestaciones efectivas.,0%,,,,,,,,,,,,,,0,,,,0,No se conocen proyectos de ley asociados a esta promesa.
12,Economía y Comercio,Eliminación de trámites notariales innecesarios y aumentar digitalización,09/12/2019,http://archive.is/1ePSm,Sí,"Eliminar trámites notariales innecesarios, establecer las operaciones y trámites que deberán ser prestados digitalmente para facilitarles la vida a los ciudadanos y reducir los cobros de los Conservadores de Bienes Raíces.",0%,,,,,,,,,,,,,,0,,,,0,No se conocen proyectos de ley asociados a esta promesa.
13,Economía y Comercio,Portabilidad financiera,09/12/2019,http://archive.is/1ePSm,No,"Establecer la Portabilidad Financiera para que los todos deudores de tarjeta de crédito, de crédito de consumo, de crédito hipotecario puedan elegir la institución financiera que les ofrezca las mejores condiciones, intereses y comisiones, evitando así abusos cuando son clientes cautivos.",70%,12909-03,Regula la portabilidad financiera,https://www.senado.cl/appsenado/templates/tramitacion/index.php?,,,,1,,,,,,Segundo Tramite,"0,7",1,10,,11,El proyecto de ley asociado se encuentra en segundo trámite constitucional
14,Economía y Comercio,Creación de impuesto al patrimonio inmobiliario,08/11/2019,http://archive.is/uC1nK,No,"Se cobrará un sobretasa de 0,075% a viviendas de más de $400 millones de avalúo fiscal. Hay que considerar en todo caso que el avalúo fiscal está entre 30% y 60% más bajo que el avalúo comercial, y que el impuesto parte sobre el delta, es decir, si la vivienda tiene un avalúo de $410 millones, la tasa se aplicará sobre $10 millones porque los $400 millones están exentos. El ministro de Hacienda detalló que con esta medida se conseguirán US$200 millones, gravando al 1% de contribuyentes con mayores activos inmobiliarios.",100%,12043-05,Moderniza la legislación tributaria,http://www.senado.cl/appsenado/templates/tramitacion/index.php?boletin_ini=12043-05,,,,,,,,1,,Promulgado,1,12,1,7,20,El proyecto de ley asociado se encuentra publicado y es Ley de la República.
15,Economía y Comercio,Sociedades de inversión deberán pagar patentes municipales,08/11/2019,http://archive.is/8ySSs,No,"Será obligatorio el pago de patentes municipales por parte de las sociedades de inversión y se eliminará gradualmente la devolución de pagos provisionales por empresas con pérdidas (PPUA). Para 2020, la devolución será de 90%; 2021 de 80%; 2022 de 70%; y 2023 de 50%.",100%,12043-05,Moderniza la legislación tributaria,http://www.senado.cl/appsenado/templates/tramitacion/index.php?boletin_ini=12043-05,,,,,,,,1,,Promulgado,1,12,1,7,20,El proyecto de ley asociado se encuentra publicado y es Ley de la República.
16,Economía y Comercio,Reintegración tributaria de Pymes a través del sistema Pro Emprendimiento,08/11/2019,http://archive.is/8ySSs,No,"Reintegración de las Pymes y en esa línea se crea un sistema Pro Emprendimiento para las Pymes que cumplan ciertos requisitos básicos: ventas anuales hasta UF 75.000, empresa operativa, y dueños personas naturales. En este régimen se eximirá del pago de impuesto a las Pymes, y si el emprendedor se encuentra en el tramo exento del global complementario, ni la empresa ni su dueño deberán tributar. Para aquellas Pymes que ya están más establecidas y tienen mejores niveles de venta, y que estaban en el sistema semi integrado, se mejora el régimen Pyme y se les fijará una tasa de impuesto de 25%, menor que las empresas grandes, además de entregarles los mismos beneficios e incentivos de las empresas pequeñas. Estas Pymes quedarán en un sistema integrado en base a retiro.",100%,12043-05,Moderniza la legislación tributaria,http://www.senado.cl/appsenado/templates/tramitacion/index.php?boletin_ini=12043-05,,,,,,,,1,,Promulgado,1,12,1,7,20,El proyecto de ley asociado se encuentra publicado y es Ley de la República.
17,Educación,Condonación de multas e intereses del CAE,12/11/2019,https://twitter.com/sebastianpinera/status/1194228964610445312,No,"Proyecto contempla posibilidad de posponer cuotas morosas y retomar pago de crédito vigente bajo mismas condiciones originales, lo que implica pagar interés anual real de 2%.",100%,12953-05,Ley de Presupuestos del sector público correspondiente al año 2020,http://www.senado.cl/appsenado/templates/tramitacion/index.php?boletin_ini=12953-05,,,,,,,,1,,Promulgado,1,,,,0,El proyecto de ley asociado se encuentra publicado y es Ley de la República.
18,Educación,Sala cuna universal,22/10/19,http://archive.is/V2Tgu,Sí,Proyecto que crea el derecho a la Sala Cuna Universal a todos los niños de madres -o padres cuando corresponda- trabajadoras de Chile.,40%,12026-13,"Crea el beneficio social de educación en el nivel de sala cuna, financiado por un fondo solidario.",http://www.senado.cl/appsenado/templates/tramitacion/index.php?boletin_ini=12026-13,1,,,,,,,,,Primer Tramite,"0,4",3,20,8,31,El proyecto de ley asociado se encuentra en primer trámite constitucional
19,Energia,Estabilización de precios de la energía eléctrica,22/10/19,http://archive.is/V2Tgu,No,"Creación de un mecanismo de estabilización de las tarifas eléctricas, lo que permitirá anular la reciente alza 9,2% de la electricidad, retrotrayendo el valor de las tarifas eléctricas al nivel del primer semestre de este año.",100%,13017-08,Proyecto de ley que crea un mecanismo transitorio de estabilización de precios de la energía eléctrica para clientes sujetos a regulación de tarifas.,http://www.senado.cl/appsenado/templates/tramitacion/index.php?boletin_ini=13017-08,,,,,,,,1,,Promulgado,1,,,2,2,El proyecto de ley asociado se encuentra publicado y es Ley de la República.
20,Estado,Fortalecimiento del Fondo Común Municipal,22/10/19,http://archive.is/V2Tgu,No,"Fortalecimiento del Fondo Común Municipal, estableciendo mayores aportes de las comunas de mayores ingresos, en beneficio de las comunas de menores ingresos. Esto permitirá una mayor equidad en la provisión de servicios municipales como seguridad, luminarias, infraestructura, parques, deporte, recreación y otros.",0%,,,,,,,,,,,,,,0,,,,0,No se conocen proyectos de ley asociados a esta promesa.
21,Justicia y Derechos Humanos,Fortalecer la Fiscalía Nacional Económica,09/12/2019,http://archive.is/1ePSm,No,"Fortalecer la Fiscalía Nacional Económica, Organismo Público que debe velar por la libre competencia, con nuevas herramientas para prevenir, investigar y denunciar los carteles y las conductas anticompetitivas, herramientas como el alzamiento del secreto bancario y la protección de las pruebas físicas o digitales de conductas anticompetitivas.",0%,,,,,,,,,,,,,,0,,,,0,No se conocen proyectos de ley asociados a esta promesa.
22,Justicia y Derechos Humanos,Mayores sanciones a la colusión en bienes de primera necesidad,09/12/2019,http://archive.is/1ePSm,No,"Aumentar las sanciones penales con penas de cárcel efectivas, para los delitos de colusión cuando los bienes afectados sean de primera necesidad, como medicamentos o alimentos.",0%,,,,,,,,,,,,,,0,,,,0,No se conocen proyectos de ley asociados a esta promesa.
23,Justicia y Derechos Humanos,"Más penas y multas para delitos tributarios, información privilegiada y divulgación de información financiera falsa",09/12/2019,http://archive.is/1ePSm,No,"Aumentar las sanciones penales y las multas para los delitos tributarios, el uso de información privilegiada y la divulgación de información falsa en los mercados financieros.",0%,,,,,,,,,,,,,,0,,,,0,No se conocen proyectos de ley asociados a esta promesa.
24,Justicia y Derechos Humanos,Creación de la figura del Denunciante Anónimo,09/12/2019,http://archive.is/1ePSm,No,"Creación de la figura del Denunciante Anónimo, para que cualquier ciudadano, en forma anónima o con identidad protegida, pueda denunciar actos de colusión o delitos en el sector público o privado.",0%,,,,,,,,,,,,,,0,,,,0,No se conocen proyectos de ley asociados a esta promesa.
25,Justicia y Derechos Humanos,Creación del Servicio de Protección a la Niñez (reemplaza al Sename),22/10/19,http://archive.is/V2Tgu,Sí,"El Proyecto Pro-Infancia, que termina con el tristemente célebre Sename y lo reemplaza por dos nuevos servicios públicos. El Servicio de Protección de la Niñez y Adolescencia y el Servicio de Reinserción Juvenil.",70%,12027-07,Crea el Servicio de Protección a la Niñez y modifica normas legales que indica,http://www.senado.cl/appsenado/templates/tramitacion/index.php?boletin_ini=12027-07,,,,1,,,,,,Segundo Tramite,"0,7",,30,1,31,El proyecto de ley asociado se encuentra en segundo trámite constitucional
26,Justicia y Derechos Humanos,Creación del Servicio de Reinserción Juvenil (reemplaza al Sename),22/10/19,http://archive.is/V2Tgu,Sí,"El Proyecto Pro-Infancia, que termina con el tristemente célebre Sename y lo reemplaza por dos nuevos servicios públicos. El Servicio de Protección de la Niñez y Adolescencia y el Servicio de Reinserción Juvenil.",70%,11174-07,"Crea el Servicio Nacional de Reinserción Social Juvenil e introduce modificaciones a la ley N° 20.084, sobre responsabilidad penal de adolescentes, y a otras normas que indica.",http://www.senado.cl/appsenado/templates/tramitacion/index.php?boletin_ini=11174-07,,,,1,,,,,,Segundo Tramite,"0,7",8,40,2,50,El proyecto de ley asociado se encuentra en segundo trámite constitucional
27,Salud,Plan de Salud Universal para beneficiarios de Fonasa,05/01/2020,http://archive.is/QYrik,Sí,"El proyecto de ley crea el Plan de Salud Universal, que asegura el acceso a una salud oportuna para toda la población y que contempla una reducción en los tiempos máximos de espera, estableciendo plazos máximos de atención en intervenciones quirúrgicas, procedimientos, consultas de especialidad y todos los servicios incluidos en el nuevo plan.",40%,13178-11,Reforma el Fondo Nacional de Salud y crea un Plan de Salud Universal,http://www.senado.cl/appsenado/templates/tramitacion/index.php?boletin_ini=13178-11,1,,,,,,,,,Primer Tramite,"0,4",,3,,3,El proyecto de ley asociado se encuentra en primer trámite constitucional
28,Salud,Seguro de Medicamentos para todos los beneficiarios de Fonasa,05/01/2020,http://archive.is/QYrik,No,"Para solucionar el alto gasto que representa para los chilenos la compra de remedios, se creará un nuevo Seguro de Medicamentos para todos los beneficiarios de Fonasa, que asegurará el acceso a fármacos a precios más bajos, con descuentos esperados del 60%. Este otorgará protección financiera para cerca de 200 tipos de remedios de mayor uso por parte de la población, como fármacos para la diabetes, hipertensión arterial y colesterol alto, entre otros. La Cenabast será el organismo encargado de comprar los fármacos, mientras que Fonasa licitará su distribución y financiará parte de su costo.",40%,13178-11,Reforma el Fondo Nacional de Salud y crea un Plan de Salud Universal,http://www.senado.cl/appsenado/templates/tramitacion/index.php?boletin_ini=13178-11,1,,,,,,,,,Primer Tramite,"0,4",,3,,3,El proyecto de ley asociado se encuentra en primer trámite constitucional
29,Salud,Intermediación entre Cenabast y farmacias privadas,30/10/2019,http://archive.is/M6wjU,No,El Ministerio de Salud envió hoy al Congreso un nuevo proyecto de ley que ampliará las facultades de la Central de Abastecimiento (Cenabast) para permitir que intermedie en la compra de medicamentos para las farmacias independientes y almacenes farmacéuticos.,100%,13027-11,Autoriza la intermediación de medicamentos por parte de Cenabast a almacenes farmacéuticos y farmacias privadas,http://www.senado.cl/appsenado/templates/tramitacion/index.php?boletin_ini=13027-11,,,,,,,,1,,Promulgado,1,,3,2,5,El proyecto de ley asociado se encuentra publicado y es Ley de la República.
30,Salud,Seguro de Enfermedades Catastrófico,22/10/19,http://archive.is/V2Tgu,Sí,"Urgencia de discusión inmediata al Proyecto de Ley enviado por nuestro Gobierno al Congreso que crea el Seguro de Enfermedades Catastróficas, de forma de asegurar un techo al gasto de salud de las familias.  El gasto que exceda a ese techo será cubierto por el Seguro.",70%,12662-11,Crea el Seguro de Salud Clase Media a través de una cobertura financiera especial en la modalidad de atención de libre elección de FONASA,http://www.senado.cl/appsenado/templates/tramitacion/index.php?boletin_ini=12662-11,,,,1,,,,,,Segundo Tramite,"0,7",1,16,5,22,El proyecto de ley asociado se encuentra en segundo trámite constitucional
31,Salud,Seguro que cubre parte del gasto en medicamentos,22/10/19,http://archive.is/V2Tgu,No,"Creación de un Seguro que cubra parte del gasto en medicamentos de las familias chilenas, no cubierto por programas como el GES o la Ley Ricarte Soto.",0%,,Seguro que cubre parte del gasto en medicamentos de las familias chilenas,,,,,,,,,,,,0,,,,0,No se conocen proyectos de ley asociados a esta promesa.
32,Salud,Fijación de precios máximos de medicamentos de alto costo.,21/11/19,https://www.dipres.gob.cl/597/articles-198743_doc_pdf.pdf,Sí,Creación de un observatorio internacional de medicamentos para fijar una banda referencial y de acuerdo a ello fijar precios máximos de medicamentos de alto costo.,70%,9914-11,Creación de un observatorio internacional de medicamentos para fijar una banda referencial y de acuerdo a ello fijar precios máximos de medicamentos de alto costo.,https://www.senado.cl/appsenado/templates/tramitacion/index.php?boletin_ini=9914-11,,,,,1,,,,,Comisión Mixta,"0,7",8,49,4,61,El proyecto de ley asociado se encuentra en segundo trámite constitucional
33,Seguridad Ciudadana,Protección a las Fuerzas de Orden y Seguridad y de Gendarmería de Chile,07/11/2019,http://archive.is/aRXmW,No,"Se ingresará un proyecto de ley que regulará y sancionará con mayor fuerza los daños contra Carabineros, la PDI y Gendarmería.",40%,13124-07,Proyecto de ley que modifica el Código Penal y otros cuerpos legales para fortalecer la protección de las Fuerzas de Orden y Seguridad y de Gendarmería de Chile.,http://www.senado.cl/appsenado/templates/tramitacion/index.php?boletin_ini=13124-07,1,,,,,,,,,Primer Tramite,"0,4",,4,1,5,El proyecto de ley asociado se encuentra en primer trámite constitucional
34,Seguridad Ciudadana,Protección de la infraestructura crítica del país,26/11/2019,http://archive.is/OuKfr,No,"Firmaremos y enviaremos al Congreso y con la máxima urgencia un proyecto de ley que va a permitir a nuestras Fuerzas Armadas, colaborar en la protección de la infraestructura crítica de nuestro país.",40%,13088-02,Proyecto de ley que modifica la Ley Orgánica Constitucional de las Fuerzas Armadas para establecer el rol de éstas en la protección de la infraestructura crítica del país cuando sea indispensable para la seguridad nacional.,http://www.senado.cl/appsenado/templates/tramitacion/index.php?boletin_ini=13088-02,1,,,,,,,,,Primer Tramite,"0,4",,,2,2,El proyecto de ley asociado se encuentra en primer trámite constitucional
35,Seguridad Ciudadana,Ley antisaqueo y antibarricadas,07/11/2019,http://archive.is/aRXmW,No,"El Presidente Sebastián Piñera anunció este jueves medidas para fortalecer el orden público y resguardar la seguridad ciudadana, incluyendo un proyecto de ley antisaqueos (...) Además (...) se le dará urgencia al proyecto que permite combatir mejor los delitos que se realizan con barricadas.",100%,13044-25,"Modifica el Código Penal para tipificar como delito la alteración de la paz pública mediante la ejecución de actos de violencia, y agrava las penas aplicables, en las circunstancias que indica",http://www.senado.cl/appsenado/templates/tramitacion/index.php?boletin_ini=13090-25,,,,,,,,1,,Promulgado,1,,,3,3,El proyecto de ley asociado se encuentra publicado y es Ley de la República.
36,Seguridad Ciudadana,Creación de la Defensoría de las víctimas,22/10/19,http://archive.is/V2Tgu,Sí,"Creación de la Defensoría de las víctimas, de forma de facilitar el acceso y fortalecer la defensa jurídica y apoyo social y sicológico a las víctimas de la delincuencia.",0%,,,,,,,,,,,,,,0,,,,0,No se conocen proyectos de ley asociados a esta promesa.
37,Seguridad Ciudadana,Ley antiencapuchados,07/11/2019,http://archive.is/aRXmW,No," Se establecerá discusión inmediata al Proyecto de Ley Antiencapuchados, que penará con mayor rigor a quienes lleven a cabo desórdenes públicos ocultando su identidad",40%,12894-07,"Proyecto de ley que establece el ocultamiento de la identidad como tipo penal, circunstancia agravante y caso de flagrancia.",http://www.senado.cl/appsenado/templates/tramitacion/index.php?boletin_ini=12894-07,1,,,,,,,,,Primer Tramite,"0,4",,3,10,13,El proyecto de ley asociado se encuentra en primer trámite constitucional
38,Seguridad Ciudadana,Modernización al sistema de inteligencia del Estado.,07/11/2019,http://archive.is/aRXmW,Sí,El Mandatario además señaló que se presentará una discusión inmediata para el proyecto que refuerza el Sistema Nacional de Inteligencia del Estado y pondrá mayor urgencia al proyecto que moderniza las policías.,70%,12234-02,Fortalece y moderniza el sistema de inteligencia del Estado.,http://www.senado.cl/appsenado/templates/tramitacion/index.php?boletin_ini=12234-02,,,,1,,,,,,Segundo Tramite,"0,7",5,8,10,23,El proyecto de ley asociado se encuentra en segundo trámite constitucional
39,Seguridad Ciudadana,Modernización de las policías,07/11/2019,http://archive.is/aRXmW,No,El Mandatario además señaló que se presentará una discusión inmediata para el proyecto que refuerza el Sistema Nacional de Inteligencia del Estado y pondrá mayor urgencia al proyecto que moderniza las policías.,70%,12250-25,Moderniza la gestión institucional y fortalece la probidad y la transparencia en la Fuerzas de Orden y Seguridad Pública.,http://www.senado.cl/appsenado/templates/tramitacion/index.php?boletin_ini=12250-25,,,,1,,,,,,Segundo Tramite,"0,7",,22,1,23,El proyecto de ley asociado se encuentra en segundo trámite constitucional
40,Seguridad Ciudadana,Especialización de Policías,25/11/2019,http://archive.is/5VDEy,No,Hacemos un llamado al Congreso para darle celeridad a los proyectos de la agenda de seguridad (...) Especialización de las Policías se encuentra con Urgencia Suma en su primer trámite en el Senado.,40%,12699-07,Proyecto de ley que propicia la especialización preferente de las Fuerzas de Orden y Seguridad Pública mediante modificaciones a las leyes orgánicas que indica y a la normativa procesal penal.,http://www.senado.cl/appsenado/templates/tramitacion/index.php?boletin_ini=12699-07,1,,,,,,,,,Primer Tramite,"0,4",,9,,9,El proyecto de ley asociado se encuentra en primer trámite constitucional
41,Trabajo y Previsión Social,Bono extraordinario de apoyo familiar,03/12/19,http://archive.is/2tvCS,No,"El Presidente Sebastián Piñera anunció este martes el envío de un proyecto de ley que consiste en la entrega de un bono que beneficiará a más de 1,3 millones de familias y que permitirá una importante ayuda en su economía.",100%,13102-05,Entrega un bono extraordinario de apoyo familiar,http://www.senado.cl/appsenado/templates/tramitacion/index.php?boletin_ini=13102-05,,,,,,,,1,,Promulgado,1,,,1,1,El proyecto de ley asociado se encuentra publicado y es Ley de la República.
42,Trabajo y Previsión Social,Aumento del 20% de la Pensión Básica Solidaria y el Aporte Previsional Solidario,22/10/19,http://archive.is/V2Tgu,Sí,"1. Aumento inmediato de 20% de la Pensión Básica Solidaria, lo que beneficiará a 590 mil pensionados.
2. Aumento inmediato, apenas se apruebe la ley, de 20% en el Aporte Previsional Solidario, lo que beneficiará a 945 mil pensionados.
3. Aumento adicional de las pensiones básicas y los aportes previsionales solidarios, durante los años 2021 y 2022, para los pensionados mayores de 75 años.",100%,13091-13,Mejora y establece nuevos beneficios en el sistema de pensiones solidarias,http://www.senado.cl/appsenado/templates/tramitacion/index.php?boletin_ini=13091-13,,,,,,,,1,,Promulgado,1,,,2,2,El proyecto de ley asociado se encuentra publicado y es Ley de la República.
43,Trabajo y Previsión Social,Aumento del 50% para la Pensión Básica Solidaria y de entre 25 y 30% de la Pensión Máxima con Aporte Solidario,21/11/19,https://www.dipres.gob.cl/597/articles-198743_doc_pdf.pdf,Sí,"Se considera un aumento al 50% para la Pensión Básica Solidaria (PBS) y para la Pensión Máxima con Aporte Solidario (PMAS), desde enero del año 2020, para beneficiarios mayores de 80 años. Adicionalmente, para pensionados de 75 a 79 años se incrementará la PBS y la PMAS en 30% en enero 2020, llegando a un aumento acumulado de 50% en enero del año 2021.  Finalmente, pensionados menores de 75 años, recibirán un incremento en la PBS y la PMAS de 25% en enero del año 2020, 40% en enero del año 2021, llegando a un acumulado de 50% en enero del año 2022.",100%,13091-13,Mejora y establece nuevos beneficios en el sistema de pensiones solidarias,http://www.senado.cl/appsenado/templates/tramitacion/index.php?boletin_ini=13091-13,,,,,,,,1,,Promulgado,1,,,2,2,El proyecto de ley asociado se encuentra publicado y es Ley de la República.
44,Trabajo y Previsión Social,Más recursos fiscales para complementar el ahorro previsional de la clase media y las mujeres que trabajan y cotizan,22/10/19,http://archive.is/V2Tgu,Sí,"Aportes de recursos fiscales para complementar el ahorro previsional de la clase media y las mujeres que trabajan y cotizan, para incrementar sus pensiones al momento de la jubilación, lo que favorecerá a 500 mil trabajadores.",70%,12212-13,"Mejora pensiones del sistema de pensiones solidarias y del sistema de pensiones de capitalización individual, crea nuevos beneficios de pensión para la clase media y las mujeres, crea un subsidio y seguro de dependencia, e introduce modificaciones en los cuerpos legales que indica",http://www.senado.cl/appsenado/templates/tramitacion/index.php?boletin_ini=12212-13,,,,1,,,,,,Segundo Tramite,"0,7",6,17,3,26,El proyecto de ley asociado se encuentra en segundo trámite constitucional
45,Trabajo y Previsión Social,Más recursos fiscales para pensiones de los adultos mayores no valentes,22/10/19,http://archive.is/V2Tgu,Sí,Aportes de recursos fiscales para mejorar las pensiones de los adultos mayores no valentes.,70%,12212-13,"Mejora pensiones del sistema de pensiones solidarias y del sistema de pensiones de capitalización individual, crea nuevos beneficios de pensión para la clase media y las mujeres, crea un subsidio y seguro de dependencia, e introduce modificaciones en los cuerpos legales que indica",http://www.senado.cl/appsenado/templates/tramitacion/index.php?boletin_ini=12212-13,,,,1,,,,,,Segundo Tramite,"0,7",6,17,3,26,El proyecto de ley asociado se encuentra en segundo trámite constitucional
46,Trabajo y Previsión Social,Ingreso mínimo garantizado,22/10/19,http://archive.is/V2Tgu,No,"Creación de un Ingreso Mínimo Garantizado de $ 350 mil mensuales, para todos los trabajadores con jornada completa que complementan el salario de los trabajadores a jornada completa, cuando sea inferior a los $ 350 mil.  Este beneficio se aplicará en forma proporcional a los menores de 18 y mayores de 65 años.",70%,13041-13,Crea un subsidio para alcanzar un ingreso mínimo garantizado,http://www.senado.cl/appsenado/templates/tramitacion/index.php?boletin_ini=13041-13,,,,1,,,,,,Segundo Tramite,"0,7",1,5,5,11,El proyecto de ley asociado se encuentra en segundo trámite constitucional
47,Trabajo y Previsión Social,"Reforma previsional con un punto adicional en las cotizaciones de cargo del empleador, destinado a financiar seguros sociales  (pasando de propuesta original de 4% a 6%)",25/10/19,http://archive.is/UW4Bh,No,"El proyecto también agrega un punto de cotización adicional, de cargo del empleador, el que será destinado a financiar Seguros Sociales, como el seguro para adultos mayores no valentes y otros Seguros Sociales.",70%,12212-13,"Mejora pensiones del sistema de pensiones solidarias y del sistema de pensiones de capitalización individual, crea nuevos beneficios de pensión para la clase media y las mujeres, crea un subsidio y seguro de dependencia, e introduce modificaciones en los cuerpos legales que indica",https://www.senado.cl/appsenado/templates/tramitacion/index.php?boletin_ini=12212-13,,,,1,,,,,,Segundo Tramite,"0,7",6,17,3,26,El proyecto de ley asociado se encuentra en segundo trámite constitucional
48,Trabajo y Previsión Social,Pensión final garantizada para nuevos pensionados,21/11/19,https://www.dipres.gob.cl/597/articles-198743_doc_pdf.pdf,No,"En el caso de nuevos pensionados, se entregará una pensión final garantizada, para evitar que las pensiones totales percibidas caigan en el tiempo. ",100%,13091-13,Mejora y establece nuevos beneficios en el sistema de pensiones solidarias,http://www.senado.cl/appsenado/templates/tramitacion/index.php?boletin_ini=13091-13,,,,,,,,1,,Promulgado,1,,,2,2,El proyecto de ley asociado se encuentra publicado y es Ley de la República.
49,Trabajo y Previsión Social,"Modernización de la Dirección del Trabajo
",9/12/19,http://archive.is/d6jbH,Sí,"Vamos a anunciar prontamente una Agenda que incluye una modernización profunda de la Dirección del Trabajo, que va a incorporar tecnología digital para facilitar la relación entre los trabajadores, los empleadores y la Dirección del Trabajo, y que va a promover la mediación voluntaria entre trabajadores y empleadores por parte de la Dirección del Trabajo, para facilitar los acuerdos y encontrar las soluciones.",40%,12827-13,Modernización de la Dirección del Trabajo,https://www.senado.cl/appsenado/templates/tramitacion/index.php?,1,,,,,,,,,Primer Tramite,"0,4",,7,,7,El proyecto de ley asociado se encuentra en primer trámite constitucional
,Trabajo y Previsión Social,"Modernización de la Dirección del Trabajo
",,,,,70%,12826-13,Adecua el Código del Trabajo en materia de documentos electrónicos laborales, 	http://www.senado.cl/appsenado/templates/tramitacion/index.php?boletin_ini=12826-13,,,,1,,,,,,Segundo Tramite,"0,7",5,4,,9,El proyecto de ley asociado se encuentra en segundo trámite constitucional
50,Transporte y Telecomunicaciones,Suspensión de alza de tarifa de Metro,19/10/2019,http://archive.is/tKcCh,No,"Vamos a suspender el alza de los pasajes del Metro, lo que requerirá la aprobación de una ley que debe ser muy urgente, hasta que logremos un acuerdo que nos permita proteger mejor a nuestros compatriotas frente a alzas bruscas e inesperadas en el precio del dólar o del petróleo, como han ocurrido en los últimos meses y que son la causa del aumento en las tarifas.",100%,13010-05,"Faculta al Presidente de la República para dejar sin efecto o limitar un alza de tarifas en el transporte público de pasajeros, en las condiciones que indica",http://www.senado.cl/appsenado/templates/tramitacion/index.php?boletin_ini=13010-05,,,,,,,,1,,Promulgado,1,,,1,1,El proyecto de ley asociado se encuentra publicado y es Ley de la República.
51,Transporte y Telecomunicaciones,Condonación de deudas por circular sin TAG habilitado,3/12/2019,http://archive.is/WnrhA,No,"Alfredo Moreno, anunció una serie de medidas para los usuarios de las autopistas urbanas de la capital tras una reunión con el movimiento No+TAG (...) Además, se refirió a las multas por circular sin tener el TAG habilitado, lo cual actualmente es sancionado con una UTM por cada comuna en la que se circula (...) indicó que en el Senado se encuentra un proyecto de ley -el cual apoyarán- con el que esperan lograr “una multa por día”. Moreno también mencionó que para quienes mantienen ese tipo de deudas “enviaremos un proyecto de ley o vamos a complementar el que ya está de manera tal de que las personas cancelando el 20% de lo que hoy adeudan por estas multas (…) y en la medida que se pague ese 20%, quede condonado la diferencia”.",100%,12942-15,"Modifica la ley N°18.290, de Tránsito, para delimitar la infracción que consiste en circular un vehículo sin dispositivo electrónico de pago de peajes o tarifas",https://www.camara.cl/pley/pley_detalle.aspx?prmID=13487&prmBOLETIN=12942-15,,,,,,,,1,,Promulgado,1,1,1,1,3,El proyecto de ley asociado se encuentra publicado y es Ley de la República.
